nama,alamat,lat,long
Bakso Setan - Pajajaran,"Bakso Setan - Pajajaran, Jalan Danau Toba, Jaga Baya I, Bandar Lampung, Lampung, Sumatra, 35136, Indonesia",-5.391535,105.266314
Pondok Hijau,Pangeran Antasari,-5.408031,105.273147
Pizza Hut,Pangeran Antasari,-5.40677,105.274862
Tian Tian Dimsum,Pangeran Antasari,-5.401134,105.270521
Warung Gamol,"Warung Gamol, Jalan Sisingamangaraja, Gedong Air, Bandar Lampung, Lampung, Sumatra, 35151, Indonesia",-5.400691,105.244397
Chiclin,Jalan Imam Bonjol,-5.399702,105.244511
RM Embun Pagi,Jalan Imam Bonjol,-5.403987,105.250964
Telur Gulung Abi,Jalan Imam Bonjol,-5.399403,105.243667
Iga Bakar Gerabah,Diponegoro,-5.432119,105.262061
Hanamaru Japanese,Diponegoro,-5.435481,105.263662
Moro Seneng,Diponegoro,-5.436268,105.263906
HO Chicken,Diponegoro,-5.432975,105.262495
RM Uduk Toha,Diponegoro,-5.432724,105.261844
Pempek JK,Diponegoro,-5.433102,105.26212
RM Lele Terbang,Diponegoro,-5.437087,105.265317
Mie Ayam Budi,Dokter Susilo,-5.429282,105.265911
RM Puti Minang,Diponegoro,-5.432986,105.261951
Roots Hotpot Grill,Diponegoro,-5.432112,105.2616
Sambel Rumah,Dokter Susilo,-5.429435,105.270725
Pempek Cek Sofi2,Dokter Susilo,-5.429423,105.268298
Marimo,"Marimo, Jalan Kyai Haji Ahmad Dahlan, Tanjung Gading, Bandar Lampung, Lampung, Sumatra, 35228, Indonesia",-5.427149,105.271743
Bakmi Wonton,Ahmad Dahlan,-5.429357,105.271629
RPP Ropang Plus Plus,Dokter Susilo,-5.42975,105.268198
The 99 Eatery Pempek,"The 99 Eatery Pempek, Jalan Gatot Soebroto, Garuntang, Bandar Lampung, Lampung, Sumatra, 35228, Indonesia",-5.423268,105.272532
Pempek dan Mie Ayam Pahoman,"Pempek dan Mie Ayam Pahoman, Jalan Kyai Haji Ahmad Dahlan, Tanjung Gading, Bandar Lampung, Lampung, Sumatra, 35228, Indonesia",-5.429271,105.271688
Waroeng Steak dan Shake,"Waroeng Steak dan Shake, Jalan Jenderal Gatot Soebroto, Tanjung Raya, Bandar Lampung, Lampung, Sumatra, 35213, Indonesia",-5.422845,105.272125
GB Express,Perintis Kemerdekaan,-5.422117,105.272469
Pindang Pegagan Kei,"Pindang Pegagan Kei, Jalan Doktorandus Haji Muhammad Thabrani Daud, Kota Baru, Bandar Lampung, Lampung, Sumatra, 35228, Indonesia",-5.422318,105.272293
Bubur Ayam 10jt,Perintis Kemerdekaan,-5.420784,105.271319
RM Ijo,Perintis Kemerdekaan,-5.421688,105.271651
Soto Kupat Ujang,Perintis Kemerdekaan,-5.419575,105.271317
Bakso Tuyul,"Bakso Tuyul, Jalan Doktorandus Haji Muhammad Thabrani Daud, Kota Baru, Bandar Lampung, Lampung, Sumatra, 35228, Indonesia",-5.42186,105.272148
Angkringan Nara,"Angkringan Nara, Jalan Doktorandus Haji Muhammad Thabrani Daud, Kota Baru, Bandar Lampung, Lampung, Sumatra, 35228, Indonesia",-5.425293,105.275423
Roto Bakar Kikim,"Roto Bakar Kikim, Jalan Gajah Mada, Tanjung Raya, Bandar Lampung, Lampung, Sumatra, 35213, Indonesia",-5.420807,105.269676
Ayam Bakar Pak Nduuts,"Ayam Bakar Pak Nduuts, Jalan Doktorandus Haji Muhammad Thabrani Daud, Kota Baru, Bandar Lampung, Lampung, Sumatra, 35228, Indonesia",-5.424475,105.274583
Nasi Goreng Satelit,"Nasi Goreng Satelit, Jalan Way Muli, Tanjung Raya, Bandar Lampung, Lampung, Sumatra, 35213, Indonesia",-5.422189,105.269623
WR Rasan,"WR Rasan, Jalan Gajah Mada, Kota Baru, Bandar Lampung, Lampung, Sumatra, 35127, Indonesia",-5.419555,105.269918
Soto Betawi,"Soto Betawi, Jalan Gajah Mada, Kota Baru, Bandar Lampung, Lampung, Sumatra, 35127, Indonesia",-5.419534,105.269616
Kampung Seafood,"Kampung Seafood, Jalan Pangeran Antasari, Tanjung Agung, Bandar Lampung, Lampung, Sumatra, 35227, Indonesia",-5.40713,105.27512
Nasi Uduk Toha,"Nasi Uduk Toha, Jalan Pangeran Antasari, Tanjung Agung, Bandar Lampung, Lampung, Sumatra, 35227, Indonesia",-5.407431,105.274639
Sostangdokkebbi,"Sostangdokkebbi, Jalan Pangeran Antasari, Tanjung Baru, Bandar Lampung, Lampung, Sumatra, 35227, Indonesia",-5.403377,105.281469
Pempek Judes,"Pempek Judes, Jalan Pangeran Antasari, Tanjung Baru, Bandar Lampung, Lampung, Sumatra, 35227, Indonesia",-5.40615,105.27676
Es Teler 99,"Es Teler 99, Jalan Pangeran Antasari, Tanjung Baru, Bandar Lampung, Lampung, Sumatra, 35227, Indonesia",-5.403568,105.281208
Martabak Pecenongan,"Martabak Pecenongan, Jalan Pangeran Antasari, Tanjung Agung, Bandar Lampung, Lampung, Sumatra, 35227, Indonesia",-5.407424,105.273811
RM Sei Sapi Nyapi,"RM Sei Sapi Nyapi, Jalan Pangeran Antasari, Tanjung Baru, Bandar Lampung, Lampung, Sumatra, 35227, Indonesia",-5.401567,105.283535
Pecel Lele Pak Pon,"Pecel Lele Pak Pon, Jalan Pangeran Antasari, Tanjung Baru, Bandar Lampung, Lampung, Sumatra, 35227, Indonesia",-5.399203,105.287636
Rumah Kayu Resto,"Rumah Kayu Resto, Jalan Arif Rahman Hakim, Kalibalau Kencana, Bandar Lampung, Lampung, Sumatra, 35133, Indonesia",-5.393292,105.281137
Sambal Pecak Bang Ucok,"Sambal Pecak Bang Ucok, Jalan Arif Rahman Hakim, Kalibalau Kencana, Bandar Lampung, Lampung, Sumatra, 35133, Indonesia",-5.39443,105.281601
Kuliner Jogya La Rose,"Kuliner Jogya La Rose, Jalan Arif Rahman Hakim, Kalibalau Kencana, Bandar Lampung, Lampung, Sumatra, 35133, Indonesia",-5.39464,105.281607
Mie Kolong Urip,"Mie Kolong Urip, Jalan Urip Sumoharjo, Kalibalau Kencana, Bandar Lampung, Lampung, Sumatra, 35133, Indonesia",-5.391757,105.28077
Sate Bontet,"Sate Bontet, Jalan Teru, Kalibalau Kencana, Bandar Lampung, Lampung, Sumatra, 35133, Indonesia",-5.390511,105.281564
Rumah Bakso,"Rumah Bakso, Jalan Arif Rahman Hakim, Kalibalau Kencana, Bandar Lampung, Lampung, Sumatra, 35133, Indonesia",-5.392542,105.281221
RM Mbok Wito,"RM Mbok Wito, Jalan Akasia, Kalibalau Kencana, Bandar Lampung, Lampung, Sumatra, 35133, Indonesia",-5.386624,105.281485
Restoran Garuda,"Restoran Garuda, Jalan Cut Nyak Dhien, Durian Payung, Bandar Lampung, Lampung, Sumatra, 35119, Indonesia",-5.418866,105.252739
Mie Bandar Lampung,"Mie Bandar Lampung, Jalan Pangkal Pinang, Durian Payung, Bandar Lampung, Lampung, Sumatra, 35121, Indonesia",-5.411449,105.257548
Warunk Upnormal,Kartini,-5.419749,105.252955
Suko Restauran,"Suko Restauran, Jalan Pelanduk, Surabaya, Bandar Lampung, Lampung, Sumatra, 35132, Indonesia",-5.393711,105.261676
Karimata Resto,"Karimata Resto, Gang Karya I, Gunung Sari, Bandar Lampung, Lampung, Sumatra, 35121, Indonesia",-5.406412,105.258762
Uduk Toha,"Uduk Toha, Jalan Kartini, Durian Payung, Bandar Lampung, Lampung, Sumatra, 35121, Indonesia",-5.411855,105.256347
Sakim Putra,"Sakim Putra, Jalan Teuku Umar, Surabaya, Bandar Lampung, Lampung, Sumatra, 35132, Indonesia",-5.390212,105.261775
Angkringan Mbah Warno,"Angkringan Mbah Warno, Jalan Darussalam, Surabaya, Bandar Lampung, Lampung, Sumatra, 35136, Indonesia",-5.394036,105.262088
Mie Ayam Koga,"Mie Ayam Koga, Jalan Teuku Umar, Surabaya, Bandar Lampung, Lampung, Sumatra, 35132, Indonesia",-5.393052,105.262175
Pempek 123,"Pempek 123, Jalan Teuku Umar, Penengahan, Bandar Lampung, Lampung, Sumatra, 35125, Indonesia",-5.39846,105.261129
Ramen Meledak,"Ramen Meledak, Jalan Badak, Penengahan, Bandar Lampung, Lampung, Sumatra, 35112, Indonesia",-5.396195,105.261398
Bakmi Goreng Teroris,"Bakmi Goreng Teroris, Jalan Pelanduk, Surabaya, Bandar Lampung, Lampung, Sumatra, 35132, Indonesia",-5.39346,105.261674
Mie Surabaya,"Mie Surabaya, Jalan Danau Tondano, Surabaya, Bandar Lampung, Lampung, Sumatra, 35136, Indonesia",-5.393497,105.262091
Golden Dragon Resto,"Golden Dragon Resto, Jalan Yos Soedarso, Sukaraja, Bandar Lampung, Lampung, Sumatra, 35245, Indonesia",-5.445481,105.291454
Dimsum Sambel Mercon,"Dimsum Sambel Mercon, Jalan Profesor Mr. Haji Muhammad Yamin, Rawa Laut, Bandar Lampung, Lampung, Sumatra, 35127, Indonesia",-5.420932,105.266895
De Flo Pudding,"De Flo Pudding, Jalan Wijaya Kesuma, Tanjung Raya, Bandar Lampung, Lampung, Sumatra, 35213, Indonesia",-5.422291,105.266783
Warung Ala Hotel,"Warung Ala Hotel, Jalan Aziz Cindar Bumi, Durian Payung, Bandar Lampung, Lampung, Sumatra, 35119, Indonesia",-5.421184,105.257491
Lobster Cup,"Lobster Cup, Jalan Hos Cokroaminoto, Enggal, Bandar Lampung, Lampung, Sumatra, 35127, Indonesia",-5.41886,105.261688
Bubur Sumsum,"Bubur Sumsum, Jalan Ahmad Yani, Durian Payung, Bandar Lampung, Lampung, Sumatra, 35119, Indonesia",-5.421784,105.254365
Bakso Sultan,"Bakso Sultan, Jalan Robert Walter Monginsidi, Durian Payung, Bandar Lampung, Lampung, Sumatra, 35119, Indonesia",-5.423414,105.251799
Telur GulungHits,"Telur GulungHits, Jalan Ratu Dipuncak, Durian Payung, Bandar Lampung, Lampung, Sumatra, 35119, Indonesia",-5.420625,105.247145
La Cuisine Bandar Lampung,"La Cuisine Bandar Lampung, Jalan Kemuning I, Tanjung Raya, Bandar Lampung, Lampung, Sumatra, 35213, Indonesia",-5.423327,105.266723
Hello Food,"Hello Food, Jalan Profesor Mr. Haji Muhammad Yamin, Pahoman, Bandar Lampung, Lampung, Sumatra, 35213, Indonesia",-5.42351,105.266076
DeFlo Pudding,"DeFlo Pudding, Jalan Profesor Mr. Haji Muhammad Yamin, Rawa Laut, Bandar Lampung, Lampung, Sumatra, 35127, Indonesia",-5.421781,105.266824
Bakso Soni,"Bakso Soni, Cut Nyak Dhien, Kaliawi, Bandar Lampung, Lampung, Sumatra, 35119, Indonesia",-5.412799,105.246974
Anyep Tah,"Anyep Tah, Jalan Siswondo Parman, Durian Payung, Bandar Lampung, Lampung, Sumatra, 35119, Indonesia",-5.419619,105.254103
Wartalk.Id,"Wartalk.Id, Jalan Karel Satsuit Tubun, Enggal, Bandar Lampung, Lampung, Sumatra, 35127, Indonesia",-5.419591,105.261278
Pecel Lele Palapa,"Pecel Lele Palapa, Jalan Durian 2, Durian Payung, Bandar Lampung, Lampung, Sumatra, 35119, Indonesia",-5.421608,105.247622
Nasi Goreng Mamak,"Nasi Goreng Mamak, Jalan Beruang, Sukamenanti, Bandar Lampung, Lampung, Sumatra, 35123, Indonesia",-5.394381,105.249109
Sendok Mas,"Sendok Mas, Jalan Ahmad Yani, Durian Payung, Bandar Lampung, Lampung, Sumatra, 35214, Indonesia",-5.421745,105.256006
Pizza Hut,"Pizza Hut, Jalan Raden Intan, Durian Payung, Bandar Lampung, Lampung, Sumatra, 35119, Indonesia",-5.419239,105.258058
D'KUALI,"D'KUALI, Jalan Karel Satsuit Tubun, Rawa Laut, Bandar Lampung, Lampung, Sumatra, 35127, Indonesia",-5.420173,105.2634
Kobar Lampung,"Kobar Lampung, Jalan Ahmad Yani, Durian Payung, Bandar Lampung, Lampung, Sumatra, 35214, Indonesia",-5.42152,105.255333
Rizky 99,"Rizky 99, Jalan Raden Intan, Durian Payung, Bandar Lampung, Lampung, Sumatra, 35119, Indonesia",-5.417725,105.258146
Pecel Lele Mbak Yul,"Pecel Lele Mbak Yul, Jalan Raden Intan, Durian Payung, Bandar Lampung, Lampung, Sumatra, 35119, Indonesia",-5.419679,105.258372
Eze Steak and Resto,"Eze Steak and Resto, Jalan Tulang Bawang, Enggal, Bandar Lampung, Lampung, Sumatra, 35127, Indonesia",-5.417439,105.258717
Bakso Jono,"Bakso Jono, Gang Anggrek III, Sawah Brebes, Bandar Lampung, Lampung, Sumatra, 35123, Indonesia",-5.397885,105.251074
Oemah Mie,"Oemah Mie, Jalan Tulang Bawang, Enggal, Bandar Lampung, Lampung, Sumatra, 35127, Indonesia",-5.417852,105.259249
Mie Lampung II,"Mie Lampung II, Jalan Raden Intan, Durian Payung, Bandar Lampung, Lampung, Sumatra, 35119, Indonesia",-5.420602,105.258479
Ayam Jerit Lampung,"Ayam Jerit Lampung, Jalan Siswondo Parman, Durian Payung, Bandar Lampung, Lampung, Sumatra, 35119, Indonesia",-5.419739,105.258092
Bubur Ayam Cirebon,"Bubur Ayam Cirebon, Jalan Siswondo Parman, Durian Payung, Bandar Lampung, Lampung, Sumatra, 35119, Indonesia",-5.419617,105.25345
Ayam Geprek Mbah Janah,"Ayam Geprek Mbah Janah, Jalan Sisingamangaraja, Gedong Air, Bandar Lampung, Lampung, Sumatra, 35151, Indonesia",-5.406386,105.241014
Rosemary Steak,"Rosemary Steak, Jalan Ade Irma Suryani, Durian Payung, Bandar Lampung, Lampung, Sumatra, 35119, Indonesia",-5.420749,105.253792
Gultik Persit,"Gultik Persit, Jalan Ahmad Yani, Durian Payung, Bandar Lampung, Lampung, Sumatra, 35119, Indonesia",-5.42114,105.253789
Sate Madura Cak Ian,"Sate Madura Cak Ian, Gang Jaya Antara, Kaliawi, Bandar Lampung, Lampung, Sumatra, 35119, Indonesia",-5.411825,105.245567
Soto Darusallam,"Soto Darusallam, Jalan Sisingamangaraja, Gedong Air, Bandar Lampung, Lampung, Sumatra, 35119, Indonesia",-5.407575,105.242196
Waroenk Kita,"Waroenk Kita, Jalan Ade Irma Suryani, Durian Payung, Bandar Lampung, Lampung, Sumatra, 35119, Indonesia",-5.420577,105.253537
New Martabak POP,"New Martabak POP, Cut Nyak Dhien, Kaliawi, Bandar Lampung, Lampung, Sumatra, 35119, Indonesia",-5.416356,105.246754
Mbok Wito Palapa,"Mbok Wito Palapa, Jalan Pangeran Emir Muhammad Noer, Palapa, Bandar Lampung, Lampung, Sumatra, 35119, Indonesia",-5.425121,105.246686
Soto Lamongan,"Soto Lamongan, Jalan Sisingamangaraja, Kaliawi, Bandar Lampung, Lampung, Sumatra, 35119, Indonesia",-5.412198,105.245623
Palapa Mie,"Palapa Mie, Jalan Pangeran Emir Muhammad Noer, Palapa, Bandar Lampung, Lampung, Sumatra, 35119, Indonesia",-5.419874,105.246546
Warung Nasi Gambreng,"Warung Nasi Gambreng, Gang Bukit, Kaliawi, Bandar Lampung, Lampung, Sumatra, 35119, Indonesia",-5.40869,105.244164
RM Budi Rahayu,"RM Budi Rahayu, Jalan Raden Saleh, Palapa, Bandar Lampung, Lampung, Sumatra, 35119, Indonesia",-5.424839,105.251335
Kang Eno Pecel Lele,"Kang Eno Pecel Lele, Cut Nyak Dhien, Kaliawi, Bandar Lampung, Lampung, Sumatra, 35119, Indonesia",-5.414837,105.246999
Bakso Son Haji 1,"Bakso Son Haji 1, Jalan Robert Walter Monginsidi, Durian Payung, Bandar Lampung, Lampung, Sumatra, 35119, Indonesia",-5.423361,105.25144
Warung Bakso,"Warung Bakso, Jalan Sam Ratulangi, Sawah Brebes, Bandar Lampung, Lampung, Sumatra, 35112, Indonesia",-5.399644,105.253613
Nasi Uduk Sore,"Nasi Uduk Sore, Jalan Sam Ratulangi, Sawah Brebes, Bandar Lampung, Lampung, Sumatra, 35112, Indonesia",-5.398614,105.251817
Mbok Jum Bumi Waras,"Mbok Jum Bumi Waras, Jalan Raden Saleh, Palapa, Bandar Lampung, Lampung, Sumatra, 35119, Indonesia",-5.424736,105.250782
Warung Mas Agus,"Warung Mas Agus, Cut Nyak Dhien, Kaliawi, Bandar Lampung, Lampung, Sumatra, 35119, Indonesia",-5.413945,105.246435
Pindang Riu,"Pindang Riu, Jalan Raden Saleh, Palapa, Bandar Lampung, Lampung, Sumatra, 35119, Indonesia",-5.425828,105.247173
Pempek Wong Kito,"Pempek Wong Kito, Jalan Sultan Badaruddin, Gedong Air, Bandar Lampung, Lampung, Sumatra, 35151, Indonesia",-5.4051,105.239202
Soto Lamongan Cak Noto,"Soto Lamongan Cak Noto, Gang Rama, Gedong Air, Bandar Lampung, Lampung, Sumatra, 35123, Indonesia",-5.396248,105.249466
Kepiting Nyeblak,"Kepiting Nyeblak, Jalan Pangeran Emir Muhammad Noer, Palapa, Tanjung Karang Barat, Lampung, Sumatra, 35119, Indonesia",-5.420061,105.247114
Bakso Marem,"Bakso Marem, Cut Nyak Dhien, Kaliawi, Bandar Lampung, Lampung, Sumatra, 35119, Indonesia",-5.413515,105.24696
Pempek Betty,"Pempek Betty, Jalan Ikan Sebelah, Teluk Betung, Bandar Lampung, Lampung, Sumatra, 34223, Indonesia",-5.451287,105.259043
Bakul Panganan,"Bakul Panganan, Jalan Panglima Polim, Segala Mider, Bandar Lampung, Lampung, Sumatra, 35123, Indonesia",-5.395062,105.249069
Bsreng Bandung,"Bsreng Bandung, Jalan Panglima Polim, Segala Mider, Bandar Lampung, Lampung, Sumatra, 35123, Indonesia",-5.396333,105.249335
Sate Obong Tomyan,"Sate Obong Tomyan, Jalan Kepodang, Kelapa Tiga, Bandar Lampung, Lampung, Sumatra, 35151, Indonesia",-5.404726,105.238794
Geprek Paksu,"Geprek Paksu, Gang Ar-Rahmah, Gedong Air, Bandar Lampung, Lampung, Sumatra, 35119, Indonesia",-5.408255,105.243
Angkringan Sego,"Angkringan Sego, Jalan Sam Ratulangi, Sawah Brebes, Bandar Lampung, Lampung, Sumatra, 35112, Indonesia",-5.398099,105.25129
Bubur Ayam Pak Mulyadi,"Bubur Ayam Pak Mulyadi, Jalan Panglima Polim, Segala Mider, Bandar Lampung, Lampung, Sumatra, 35123, Indonesia",-5.394174,105.249019
Mie Tektek Mang Lien,"Mie Tektek Mang Lien, Jalan Panglima Polim, Segala Mider, Bandar Lampung, Lampung, Sumatra, 35123, Indonesia",-5.392433,105.249082
RM Bu Siti,"RM Bu Siti, Jalan Pangeran Emir Muhammad Noer, Palapa, Bandar Lampung, Lampung, Sumatra, 35119, Indonesia",-5.426755,105.245726
Mie Ayam Es Dugan,"Mie Ayam Es Dugan, Jalan Pangeran Emir Muhammad Noer, Palapa, Bandar Lampung, Lampung, Sumatra, 35119, Indonesia",-5.427363,105.245517
Swinger.Id,"Swinger.Id, Jalan Panglima Polim, Segala Mider, Bandar Lampung, Lampung, Sumatra, 35123, Indonesia",-5.392269,105.24958
Pempek Cik Da,"Pempek Cik Da, Jalan Pangeran Emir Muhammad Noer, Palapa, Bandar Lampung, Lampung, Sumatra, 35401, Indonesia",-5.433345,105.249894
Dimas Catering,"Dimas Catering, Jalan Basuki Rahmat, Sumur Batu, Bandar Lampung, Lampung, Sumatra, 35401, Indonesia",-5.44063,105.25516
Bakso Latief,"Bakso Latief, Jalan Laksamana R.E. Martadinata, Teluk Betung, Bandar Lampung, Lampung, Sumatra, 34223, Indonesia",-5.453203,105.257167
Nasi Goreng Jamur Iyus,"Nasi Goreng Jamur Iyus, Jalan Pangeran Emir Muhammad Noer, Palapa, Bandar Lampung, Lampung, Sumatra, 35119, Indonesia",-5.426811,105.245496
Bubur Ayam Priyangan,"Bubur Ayam Priyangan, Jalan Laksamana R.E. Martadinata, Teluk Betung, Bandar Lampung, Lampung, Sumatra, 34223, Indonesia",-5.451158,105.258283
Mie Ayam Baso Bandung,"Mie Ayam Baso Bandung, Jalan Laksamana R.E. Martadinata, Teluk Betung, Bandar Lampung, Lampung, Sumatra, 34223, Indonesia",-5.451063,105.257113
Dapur Wong Kito Nian,"Dapur Wong Kito Nian, Gang Laksama, Palapa, Bandar Lampung, Lampung, Sumatra, 35221, Indonesia",-5.427445,105.24529
Kugikui Korean BBQ,"Kugikui Korean BBQ, Jalan Dokter Setia Budi, Gunung Mas, Bandar Lampung, Lampung, Sumatra, 35401, Indonesia",-5.444927,105.255805
Nasi Padang Mak Buyung,"Nasi Padang Mak Buyung, Jalan Basuki Rahmat, Sumur Batu, Bandar Lampung, Lampung, Sumatra, 35401, Indonesia",-5.435496,105.251792
Bakmi Ayam Manise,"Bakmi Ayam Manise, Jalan Laksamana R.E. Martadinata, Teluk Betung, Bandar Lampung, Lampung, Sumatra, 34223, Indonesia",-5.450849,105.258602
Warung Nasi Pojok Camar,"Warung Nasi Pojok Camar, Jalan Pangeran Emir Muhammad Noer, Palapa, Bandar Lampung, Lampung, Sumatra, 35401, Indonesia",-5.431159,105.24722
Ayam Bakar Si Jun,"Ayam Bakar Si Jun, Gang Perkutut, Gulak Galik, Bandar Lampung, Lampung, Sumatra, 35401, Indonesia",-5.433143,105.249218
RM Pondok Emak,"RM Pondok Emak, Jalan Basuki Rahmat, Sumur Batu, Bandar Lampung, Lampung, Sumatra, 35401, Indonesia",-5.438282,105.252911
Mie Ayam DD,"Mie Ayam DD, Jalan Dokter Setiabudi, Gunung Mas, Bandar Lampung, Lampung, Sumatra, 34223, Indonesia",-5.446911,105.255825
Eiji Bento,"Eiji Bento, Jalan Basuki Rahmat, Sumur Batu, Bandar Lampung, Lampung, Sumatra, 35401, Indonesia",-5.436415,105.252148
Ayam Gerpek Kenzie,"Ayam Gerpek Kenzie, Jalan Katu 2, Gunung Mas, Bandar Lampung, Lampung, Sumatra, 35223, Indonesia",-5.451914,105.256102
RM Purnama,"RM Purnama, Jalan Mr. Moch Roem, Sumur Batu, Bandar Lampung, Lampung, Sumatra, 35401, Indonesia",-5.43771,105.252855
Bubur Selera Nisantara,"Bubur Selera Nisantara, Jalan WR Supratman, Gunung Mas, Bandar Lampung, Lampung, Sumatra, 34223, Indonesia",-5.444974,105.256205
RM Tuah Sakato,"RM Tuah Sakato, Jalan Ikan Tenggiri, Teluk Betung, Bandar Lampung, Lampung, Sumatra, 34223, Indonesia",-5.451138,105.261546
Dapur Septi,"Dapur Septi, Jalan Teluk Bone, Teluk Betung, Bandar Lampung, Lampung, Sumatra, 34223, Indonesia",-5.453607,105.258689
Bakso Son Haji V,"Bakso Son Haji V, Jalan Katu 2, Teluk Betung, Bandar Lampung, Lampung, Sumatra, 35223, Indonesia",-5.454442,105.256483
Ayam Geprek Abi,"Ayam Geprek Abi, Jalan Dokter Setia Budi, Gunung Mas, Bandar Lampung, Lampung, Sumatra, 35401, Indonesia",-5.446345,105.255659
Mie Ayam Bakso Pasar Ambon,"Mie Ayam Bakso Pasar Ambon, Jalan Ikan Sebelah, Teluk Betung, Bandar Lampung, Lampung, Sumatra, 34223, Indonesia",-5.450999,105.258928
Mie Ayam Mas Pur,"Mie Ayam Mas Pur, Jalan Ikan Tongkol, Teluk Betung, Bandar Lampung, Lampung, Sumatra, 34223, Indonesia",-5.447685,105.262414
Warteg Bahari,"Warteg Bahari, Jalan Laksamana R.E. Martadinata, Teluk Betung, Bandar Lampung, Lampung, Sumatra, 34223, Indonesia",-5.451457,105.261769
Mie Ayam Surya,"Mie Ayam Surya, Jalan Laksamana R.E. Martadinata, Teluk Betung, Bandar Lampung, Lampung, Sumatra, 34223, Indonesia",-5.451025,105.260562
Warung Sopo Sapi,"Warung Sopo Sapi, Jalan Teluk Bone, Teluk Betung, Bandar Lampung, Lampung, Sumatra, 34223, Indonesia",-5.453586,105.258267
WR Ibu Mudin,"WR Ibu Mudin, Jalan Ikan Bawal, Kupang Raya, Bandar Lampung, Lampung, Sumatra, 34223, Indonesia",-5.446253,105.26322
RM Sederhana,"RM Sederhana, Jalan Basuki Rahmat, Sumur Batu, Bandar Lampung, Lampung, Sumatra, 35401, Indonesia",-5.44335,105.255532
Pisang Ijo Daeng Firqon,"Pisang Ijo Daeng Firqon, Jalan Teluk Bone, Teluk Betung, Bandar Lampung, Lampung, Sumatra, 34223, Indonesia",-5.453862,105.258611
Ayam Bakar Mas Gendut,"Ayam Bakar Mas Gendut, Jalan Katu 2, Kangkung, Bandar Lampung, Lampung, Sumatra, 35223, Indonesia",-5.456198,105.254924
Pawon Aa Nay,"Pawon Aa Nay, Jalan Laksamana R.E. Martadinata, Teluk Betung, Bandar Lampung, Lampung, Sumatra, 34223, Indonesia",-5.451016,105.257311
Rm Uni Yus,"Rm Uni Yus, Jalan Laksamana R.E. Martadhinata, Teluk Betung, Bandar Lampung, Lampung, Sumatra, 34223, Indonesia",-5.45397,105.25753
RM Uni Yanti,"RM Uni Yanti, Jalan Laksamana R.E. Martadinata, Teluk Betung, Bandar Lampung, Lampung, Sumatra, 34223, Indonesia",-5.452943,105.256896
Mie Ayam Bakso Dodok,"Mie Ayam Bakso Dodok, Jalan Laksamana R.E. Martadhinata, Teluk Betung, Bandar Lampung, Lampung, Sumatra, 35223, Indonesia",-5.454336,105.256834
Mie Alvin,"Mie Alvin, Jalan Laksamana Malahayati, Teluk Betung, Bandar Lampung, Lampung, Sumatra, 34223, Indonesia",-5.449028,105.262161
Jimbawe Pulu pulu,"Jimbawe Pulu pulu, Jalan Katu 2, Teluk Betung, Bandar Lampung, Lampung, Sumatra, 35223, Indonesia",-5.454756,105.256427
RM Koharu Japannese Food,"RM Koharu Japannese Food, Jalan Ikan Tenggiri, Teluk Betung, Bandar Lampung, Lampung, Sumatra, 34223, Indonesia",-5.448383,105.262123
Mie Ayam Bakso Kiaten,"Mie Ayam Bakso Kiaten, Jalan Ikan Tenggiri, Teluk Betung, Bandar Lampung, Lampung, Sumatra, 34223, Indonesia",-5.451003,105.261818
Er Mbak Nina,"Er Mbak Nina, Jalan Ikan Bawal, Kupang Raya, Bandar Lampung, Lampung, Sumatra, 34223, Indonesia",-5.446237,105.263302
Bakso Upil,"Bakso Upil, Jalan Ikan Tenggiri, Teluk Betung, Bandar Lampung, Lampung, Sumatra, 34223, Indonesia",-5.447004,105.262257
Ayam Surya,"Ayam Surya, Jalan Ikan Tenggiri, Teluk Betung, Bandar Lampung, Lampung, Sumatra, 34223, Indonesia",-5.446847,105.262255
El's Coffee Roastery,"El's Coffee Roastery, Jalan Bypass Sukarno Hatta, Tanjung Baru, Bandar Lampung, Lampung, Sumatra, 35133, Indonesia",-5.393828,105.288747
Soto Ayam Lamongan,"Soto Ayam Lamongan, Jalan Bypass Sukarno Hatta, Sukarame, Bandar Lampung, Lampung, Sumatra, 35133, Indonesia",-5.395807,105.289654
Rumah Makan Kusumo Ayu II,"Rumah Makan Kusumo Ayu II, Jalan Bypass Sukarno Hatta, Kalibalau Kencana, Bandar Lampung, Lampung, Sumatra, 35133, Indonesia",-5.387984,105.287831
Rumah Makan Sarang Seafood,"Rumah Makan Sarang Seafood, Jalan Endro Suratmin, Kalibalau Kencana, Bandar Lampung, Lampung, Sumatra, 35133, Indonesia",-5.387201,105.291585
El's Coffee Roastery,"El's Coffee Roastery, Jalan Bypass Sukarno Hatta, Tanjung Baru, Bandar Lampung, Lampung, Sumatra, 35133, Indonesia",-5.393329,105.288732
Pondok Sate Sutan Mudo,"Pondok Sate Sutan Mudo, Gang Waru IV, Sukabumi Indah, Bandar Lampung, Lampung, Sumatra, 35133, Indonesia",-5.395886,105.290125
Nasi Uduk Mama Fina,"Nasi Uduk Mama Fina, Jalan Wiratama, Sukabumi Indah, Bandar Lampung, Lampung, Sumatra, 35133, Indonesia",-5.393992,105.290163
Nasi Uduk Hendri,"Nasi Uduk Hendri, Jalan Bypass Sukarno Hatta, Tanjung Baru, Bandar Lampung, Lampung, Sumatra, 35133, Indonesia",-5.396174,105.289275
Warung Sehabat,"Warung Sehabat, Jalan Bypass Sukarno Hatta, Tanjung Baru, Bandar Lampung, Lampung, Sumatra, 35133, Indonesia",-5.393862,105.289408
Warung Sate Madura,"Warung Sate Madura, Jalan Urip Sumoharjo, Kalibalau Kencana, Bandar Lampung, Lampung, Sumatra, 35133, Indonesia",-5.38997,105.287858
Rumah Makan Abah Roh,"Rumah Makan Abah Roh, Gang Urip Sentosa I, Kalibalau Kencana, Bandar Lampung, Lampung, Sumatra, 35133, Indonesia",-5.386186,105.2898
Mie Tektek Oerip,"Mie Tektek Oerip, Jalan Urip Sumoharjo, Kalibalau Kencana, Bandar Lampung, Lampung, Sumatra, 35133, Indonesia",-5.390501,105.286585
Ayam Penyet Ria,"Ayam Penyet Ria, Jalan Urip Sumoharjo, Kalibalau Kencana, Bandar Lampung, Lampung, Sumatra, 35133, Indonesia",-5.391566,105.285824
Mie Ayam Majalengka,"Mie Ayam Majalengka, Jalan Ikan Jelabat, Bumi Waras, Bandar Lampung, Lampung, Sumatra, 35211, Indonesia",-5.444598,105.270292
Kantin Pepes Che Nia,"Kantin Pepes Che Nia, Jalan Hasanuddin, Kupang Raya, Bandar Lampung, Lampung, Sumatra, 35211, Indonesia",-5.44126,105.266003
Bakso Remaja,"Bakso Remaja, Hasanuddin, Bumi Waras, Bandar Lampung, Lampung, Sumatra, 35211, Indonesia",-5.446979,105.270027
Rumah Makan Hoki,"Rumah Makan Hoki, Jalan Mayor Salim Batubara, Pecoh Raya, Bandar Lampung, Lampung, Sumatra, 35211, Indonesia",-5.443507,105.273073
Mie Celor Nasi Kuning Wong Kito,"Mie Celor Nasi Kuning Wong Kito, Jalan Cumi-Cumi, Bumi Waras, Bandar Lampung, Lampung, Sumatra, 35211, Indonesia",-5.444331,105.271042
Pempek 40,"Pempek 40, Gang Dahlia, Kupang Raya, Bandar Lampung, Lampung, Sumatra, 35211, Indonesia",-5.439687,105.268201
Radja Sop Durian,"Radja Sop Durian, Jalan Hasanuddin, Kupang Raya, Bandar Lampung, Lampung, Sumatra, 35211, Indonesia",-5.442419,105.266969
Pempek Pak Saleh,"Pempek Pak Saleh, Jalan Hasanuddin, Kupang Raya, Bandar Lampung, Lampung, Sumatra, 35211, Indonesia",-5.441727,105.2667
Bakso Bakar AHDA,"Bakso Bakar AHDA, Jalan Hasanuddin, Kupang Raya, Bandar Lampung, Lampung, Sumatra, 35211, Indonesia",-5.440153,105.26603
Soto Mas No,"Soto Mas No, Hasanuddin, Bumi Waras, Bandar Lampung, Lampung, Sumatra, 35211, Indonesia",-5.445685,105.26993
Dang Lupa Masakan Alin,"Dang Lupa Masakan Alin, Hasanuddin, Bumi Waras, Bandar Lampung, Lampung, Sumatra, 35211, Indonesia",-5.44571,105.269641
Nasi Uduk Fathir,"Nasi Uduk Fathir, Jalan Wage Rudolf Supratman, Pecoh Raya, Bandar Lampung, Lampung, Sumatra, 35211, Indonesia",-5.443555,105.271339
RM Minang Indah VII,"RM Minang Indah VII, Jalan Yos Soedarso, Sukaraja, Bandar Lampung, Lampung, Sumatra, 35211, Indonesia",-5.445829,105.275139
Pempek 91,"Pempek 91, Jalan Salim Batubara, Pecoh Raya, Bandar Lampung, Lampung, Sumatra, 35211, Indonesia",-5.439748,105.267942
Rizkitch Bowl,"Rizkitch Bowl, Gang Pancurmas, Pecoh Raya, Bandar Lampung, Lampung, Sumatra, 35211, Indonesia",-5.442688,105.27117
Mie Ayam Intan,"Mie Ayam Intan, Jalan Mayor Salim Batubara, Pecoh Raya, Bandar Lampung, Lampung, Sumatra, 35211, Indonesia",-5.442705,105.273103
Sate Jhon,"Sate Jhon, Jalan Salim Batubara, Pecoh Raya, Bandar Lampung, Lampung, Sumatra, 35211, Indonesia",-5.442093,105.272638
Khuai Lok (A PHEN),"Khuai Lok (A PHEN), Jalan Laksamana Malahayati, Bumi Waras, Bandar Lampung, Lampung, Sumatra, 34223, Indonesia",-5.447138,105.270428
Tiga Saudara Sop Kaki Kambing,"Tiga Saudara Sop Kaki Kambing, Hasanuddin, Bumi Waras, Bandar Lampung, Lampung, Sumatra, 35211, Indonesia",-5.44633,105.270095
El's Coffee House,"El's Coffee House, Jalan Mayor Salim Batubara, Pecoh Raya, Bandar Lampung, Lampung, Sumatra, 35211, Indonesia",-5.443358,105.272735
Pempek Selamat,"Pempek Selamat, Jalan Salim Batubara, Pecoh Raya, Bandar Lampung, Lampung, Sumatra, 35211, Indonesia",-5.439837,105.268715
RM Padang Desta,"RM Padang Desta, Jalan Laksamana Malahayati, Bumi Waras, Bandar Lampung, Lampung, Sumatra, 34223, Indonesia",-5.446232,105.271573
Warung Bu Atun,"Warung Bu Atun, Gang Kantor Pos, Kupang Raya, Bandar Lampung, Lampung, Sumatra, 35211, Indonesia",-5.442649,105.268661
Aloy Sekba,"Aloy Sekba, Hasanuddin, Bumi Waras, Bandar Lampung, Lampung, Sumatra, 35211, Indonesia",-5.446548,105.26987
Gedung Seruit LPMP,"Gedung Seruit LPMP, Jalan Way Rarem, Tanjung Gading, Bandar Lampung, Lampung, Sumatra, 35228, Indonesia",-5.430134,105.274167
Kampung Kecil Lampung,"Kampung Kecil Lampung, Jalan Gatot Soebroto, Garuntang, Bandar Lampung, Lampung, Sumatra, 35228, Indonesia",-5.428643,105.275406
Pempek & Mie,"Pempek & Mie, Jalan Salim Batubara, Pecoh Raya, Bandar Lampung, Lampung, Sumatra, 35211, Indonesia",-5.441617,105.271732
Bubur Cirebon,"Bubur Cirebon, Jalan Mayor Salim Batubara, Pecoh Raya, Bandar Lampung, Lampung, Sumatra, 35211, Indonesia",-5.444981,105.273095
Warung Sop Kaki Sapi,"Warung Sop Kaki Sapi, Jalan Salim Batubara, Pecoh Raya, Bandar Lampung, Lampung, Sumatra, 35211, Indonesia",-5.441712,105.272174
Seblak/Mie Ayam Alika,"Seblak/Mie Ayam Alika, Gang Dahlia, Kupang Raya, Bandar Lampung, Lampung, Sumatra, 35211, Indonesia",-5.439771,105.26833
RM Way Giham,"RM Way Giham, Jalan Way Giham, Tanjung Gading, Bandar Lampung, Lampung, Sumatra, 35228, Indonesia",-5.430767,105.272828
Seblak Teh Neng,"Seblak Teh Neng, Jalan Yos Soedarso, Bumi Waras, Bandar Lampung, Lampung, Sumatra, 35211, Indonesia",-5.446241,105.273941
Bakso Urip,"Bakso Urip, Jalan Mayor Salim Batubara, Pecoh Raya, Bandar Lampung, Lampung, Sumatra, 35211, Indonesia",-5.443428,105.273057
Rumah Seblak,"Rumah Seblak, Jalan Ikan Kapasan, Pecoh Raya, Bandar Lampung, Lampung, Sumatra, 35211, Indonesia",-5.44057,105.275035
Dapur Buncit,"Dapur Buncit, Jalan Kyai Haji Ahmad Dahlan, Pecoh Raya, Bandar Lampung, Lampung, Sumatra, 35228, Indonesia",-5.435708,105.273911
Risolcoklat Mamahmuda,"Risolcoklat Mamahmuda, Jalan Salim Batubara, Pecoh Raya, Bandar Lampung, Lampung, Sumatra, 35211, Indonesia",-5.441192,105.271151
Pempek Nony 168,"Pempek Nony 168, Jalan Salim Batubara, Pecoh Raya, Bandar Lampung, Lampung, Sumatra, 35211, Indonesia",-5.441772,105.271845
Pempek 88,"Pempek 88, Jalan Salim Batubara, Pecoh Raya, Bandar Lampung, Lampung, Sumatra, 35211, Indonesia",-5.439508,105.269059
Martabak Along 89,"Martabak Along 89, Gang Cendana 2, Bumi Waras, Bandar Lampung, Lampung, Sumatra, 35211, Indonesia",-5.446222,105.275228
Mie Ayam Asli Wong Jawa,"Mie Ayam Asli Wong Jawa, Jalan Menteru, Tanjung Gading, Bandar Lampung, Lampung, Sumatra, 35228, Indonesia",-5.430329,105.2758
Soto &Sempol Ibu Rodiah,"Soto &Sempol Ibu Rodiah, Jalan Ikan Kapasan, Pecoh Raya, Bandar Lampung, Lampung, Sumatra, 35211, Indonesia",-5.440307,105.274896
Bubur Ayam Maya,"Bubur Ayam Maya, Jalan Mayor Salim Batubara, Pecoh Raya, Bandar Lampung, Lampung, Sumatra, 35211, Indonesia",-5.444883,105.273084
Mie Ayam Ajan 11,"Mie Ayam Ajan 11, Jalan Mayor Salim Batubara, Pecoh Raya, Bandar Lampung, Lampung, Sumatra, 35211, Indonesia",-5.444098,105.27301
Kantin 125,"Kantin 125, Jalan Kyai Haji Ahmad Dahlan, Pecoh Raya, Bandar Lampung, Lampung, Sumatra, 35228, Indonesia",-5.440628,105.274293
RM Ibu Gambreng,"RM Ibu Gambreng, Jalan Salim Batubara, Pecoh Raya, Bandar Lampung, Lampung, Sumatra, 35211, Indonesia",-5.439601,105.269204
Kedai Tang,"Kedai Tang, Jalan Salim Batubara, Pecoh Raya, Bandar Lampung, Lampung, Sumatra, 35211, Indonesia",-5.439284,105.266956
Pork You,"Pork You, Jalan Kyai Haji Ahmad Dahlan, Pecoh Raya, Bandar Lampung, Lampung, Sumatra, 35228, Indonesia",-5.433212,105.273293
Salah Buah Zeline,"Salah Buah Zeline, Gang Menang, Pecoh Raya, Bandar Lampung, Lampung, Sumatra, 35211, Indonesia",-5.441308,105.273
Nasi Goreng Dayat,"Nasi Goreng Dayat, Gang Anggrek Tou, Pecoh Raya, Bandar Lampung, Lampung, Sumatra, 35211, Indonesia",-5.440914,105.270901
Resto Kriting,"Resto Kriting, Jalan Gatot Soebroto, Garuntang, Bandar Lampung, Lampung, Sumatra, 35228, Indonesia",-5.429134,105.275844
Xi Bo ba Bening,"Xi Bo ba Bening, Jalan Gatot Soebroto, Garuntang, Bandar Lampung, Lampung, Sumatra, 35228, Indonesia",-5.426899,105.276052
Seblak King,"Seblak King, Jalan Kyai Haji Ahmad Dahlan, Pecoh Raya, Bandar Lampung, Lampung, Sumatra, 35211, Indonesia",-5.441984,105.273103
Dapur Kito,"Dapur Kito, Jalan Gatot Soebroto, Garuntang, Bandar Lampung, Lampung, Sumatra, 35228, Indonesia",-5.427243,105.275584
Mie Ayam Grace,"Mie Ayam Grace, Gang Akasia, Pecoh Raya, Bandar Lampung, Lampung, Sumatra, 35211, Indonesia",-5.439761,105.269641
RM Pindang Kahud,"RM Pindang Kahud, Jalan Kyai Haji Ahmad Dahlan, Pecoh Raya, Bandar Lampung, Lampung, Sumatra, 35228, Indonesia",-5.432341,105.272224
Otak otak bakar madam,"Otak otak bakar madam, Jalan Ikan Kapasan, Pecoh Raya, Bandar Lampung, Lampung, Sumatra, 35211, Indonesia",-5.442033,105.274167
MartabakMini Kabitha,"MartabakMini Kabitha, Jalan Ikan Baung, Pecoh Raya, Bandar Lampung, Lampung, Sumatra, 35211, Indonesia",-5.442238,105.273318
Bubur Ayam Ayung JR,"Bubur Ayam Ayung JR, Jalan Kyai Haji Ahmad Dahlan, Pecoh Raya, Bandar Lampung, Lampung, Sumatra, 35211, Indonesia",-5.441203,105.273692
Naem Roti Bakar Premium,"Naem Roti Bakar Premium, Jalan Ikan Kapasan, Pecoh Raya, Bandar Lampung, Lampung, Sumatra, 35211, Indonesia",-5.442202,105.274085
Seblak kupang 21,"Seblak kupang 21, Gang Menang, Pecoh Raya, Bandar Lampung, Lampung, Sumatra, 35211, Indonesia",-5.440955,105.273155
Pindang Palembang Debus,"Pindang Palembang Debus, Jalan Way Rarem, Tanjung Gading, Bandar Lampung, Lampung, Sumatra, 35228, Indonesia",-5.430082,105.275343
Saung Pepes Teh Ani,"Saung Pepes Teh Ani, Jalan Merawan, Tanjung Gading, Bandar Lampung, Lampung, Sumatra, 35228, Indonesia",-5.429486,105.275898
Holycow Steak House,"Holycow Steak House, Jalan Gatot Soebroto, Garuntang, Bandar Lampung, Lampung, Sumatra, 35228, Indonesia",-5.426883,105.275522
Ayam Nyelekit,"Ayam Nyelekit, Jalan Way Giham, Tanjung Gading, Bandar Lampung, Lampung, Sumatra, 35228, Indonesia",-5.431055,105.272383
Ayam Geprek Zaki,"Ayam Geprek Zaki, Gang Boni, Gunung Sari, Bandar Lampung, Lampung, Sumatra, 35121, Indonesia",-5.408395,105.262542
Bakso Marem,"Bakso Marem, Jalan Pemuda, Gunung Sari, Bandar Lampung, Lampung, Sumatra, 35121, Indonesia",-5.411794,105.259927
Seblak Bandung Cece,"Seblak Bandung Cece, Jalan Hayam Wuruk, Gunung Sari, Bandar Lampung, Lampung, Sumatra, 35121, Indonesia",-5.410185,105.262178
Kangen Crepes,"Kangen Crepes, Gang Tewax I, Gunung Sari, Bandar Lampung, Lampung, Sumatra, 35121, Indonesia",-5.41186,105.260151
Pempek Palembang 33,"Pempek Palembang 33, Jalan Hayam Wuruk, Gunung Sari, Bandar Lampung, Lampung, Sumatra, 35121, Indonesia",-5.408941,105.261564
Nasi Uduk Zaki,"Nasi Uduk Zaki, Gang Boni, Gunung Sari, Bandar Lampung, Lampung, Sumatra, 35121, Indonesia",-5.408403,105.262621
Bakso Sony,"Bakso Sony, Jalan Pemuda, Gunung Sari, Bandar Lampung, Lampung, Sumatra, 35121, Indonesia",-5.411942,105.260524
Lesehan Jeng Sri,"Lesehan Jeng Sri, Jalan Hayam Wuruk, Gunung Sari, Bandar Lampung, Lampung, Sumatra, 35121, Indonesia",-5.409757,105.261902
Rumah Madu Urip,"Rumah Madu Urip, Jalan Raden Pemuka, Jagabaya II, Bandar Lampung, Lampung, Sumatra, 35136, Indonesia",-5.391767,105.274965
Taican & Ayam Geprek Pemuka,"Taican & Ayam Geprek Pemuka, Jalan Raden Pemuka, Jagabaya II, Bandar Lampung, Lampung, Sumatra, 35136, Indonesia",-5.391318,105.275073
RM Ajib Lampung,"RM Ajib Lampung, Jalan Mohammad Kahfi Baginda, Kalibalau Kencana, Bandar Lampung, Lampung, Sumatra, 35136, Indonesia",-5.391662,105.278084
Rumah Freya,"Rumah Freya, Jalan Urip Sumoharjo, Kalibalau Kencana, Bandar Lampung, Lampung, Sumatra, 35133, Indonesia",-5.390472,105.277561
Oerip Kantin,"Oerip Kantin, Jalan Urip Sumoharjo, Kalibalau Kencana, Bandar Lampung, Lampung, Sumatra, 35133, Indonesia",-5.39198,105.276825
Getuk Lindri Ibu Iwan,"Getuk Lindri Ibu Iwan, Gang Julia, Way Halim Permai, Bandar Lampung, Lampung, Sumatra, 35136, Indonesia",-5.389261,105.275723
Wayahalim,"Wayahalim, Jalan Mangga, Kalibalau Kencana, Bandar Lampung, Lampung, Sumatra, 35136, Indonesia",-5.38992,105.277453
Warung Makan Bu Atun,"Warung Makan Bu Atun, Pulau Batam Raya, Way Halim Permai, Bandar Lampung, Lampung, Sumatra, 35136, Indonesia",-5.389003,105.276316
Bebek Kudus Lampung,"Bebek Kudus Lampung, Jalan Urip Sumoharjo, Kalibalau Kencana, Bandar Lampung, Lampung, Sumatra, 35133, Indonesia",-5.391229,105.277794
Warung Makan Prasmanan Mas Yanto,"Warung Makan Prasmanan Mas Yanto, Jalan Mangga, Kalibalau Kencana, Bandar Lampung, Lampung, Sumatra, 35136, Indonesia",-5.38948,105.277147
Warung Makan Prasmanan,"Warung Makan Prasmanan, Pulau Batam Raya, Way Halim Permai, Bandar Lampung, Lampung, Sumatra, 35136, Indonesia",-5.389321,105.276512
Mamibee,"Mamibee, Jalan Mangga, Kalibalau Kencana, Bandar Lampung, Lampung, Sumatra, 35136, Indonesia",-5.389989,105.278023
Bakso Upil Lampung Walk,"Bakso Upil Lampung Walk, Urip Sumoharjo, Kalibalau Kencana, Bandar Lampung, Lampung, Sumatra, 35133, Indonesia",-5.390731,105.276753
Soto Ayam Cak Aris,"Soto Ayam Cak Aris, Jalan Urip Sumoharjo, Kalibalau Kencana, Bandar Lampung, Lampung, Sumatra, 35133, Indonesia",-5.391473,105.27991
Cafe Sultan Bang Janur,"Cafe Sultan Bang Janur, Jalan Pulau Morotai, Kalibalau Kencana, Bandar Lampung, Lampung, Sumatra, 35133, Indonesia",-5.392883,105.279172
Masakan Tante Gaul,"Masakan Tante Gaul, Gang Damai, Jagabaya III, Bandar Lampung, Lampung, Sumatra, 35136, Indonesia",-5.394788,105.276263
Alshy Kitchen,"Alshy Kitchen, Jalan Raden Pemuka, Jagabaya II, Bandar Lampung, Lampung, Sumatra, 35136, Indonesia",-5.3915,105.275219
Nasi Uduk Pecel Lele,"Nasi Uduk Pecel Lele, Pulau Batam Raya, Way Halim Permai, Bandar Lampung, Lampung, Sumatra, 35136, Indonesia",-5.384432,105.276449
Nana Catering,"Nana Catering, Jalan Raden Pemuka, Jagabaya II, Bandar Lampung, Lampung, Sumatra, 35136, Indonesia",-5.392738,105.275398
Nasi Uduk dan Tekwan Model,"Nasi Uduk dan Tekwan Model, Gang Damai, Jagabaya III, Bandar Lampung, Lampung, Sumatra, 35136, Indonesia",-5.394626,105.275549
Sate Obong Jai,"Sate Obong Jai, Jalan P. Buton Raya, Jagabaya III, Bandar Lampung, Lampung, Sumatra, 35136, Indonesia",-5.395417,105.277088
Kinamona Lampung,"Kinamona Lampung, Jalan Raden Pemuka, Jagabaya III, Bandar Lampung, Lampung, Sumatra, 35136, Indonesia",-5.393853,105.275065
Mie Ayam Morotai,"Mie Ayam Morotai, Jalan Mohammad Kahfi Baginda, Kalibalau Kencana, Bandar Lampung, Lampung, Sumatra, 35136, Indonesia",-5.393684,105.278257
Warung LW,"Warung LW, Jalan Pulau Morotai, Kalibalau Kencana, Bandar Lampung, Lampung, Sumatra, 35133, Indonesia",-5.393656,105.278781
rema Abah Misri,"rema Abah Misri, Gang Damai, Tanjung Baru, Bandar Lampung, Lampung, Sumatra, 35136, Indonesia",-5.395158,105.276957
Kirana BKR,"Kirana BKR, Jalan Pulau Morotai, Tanjung Baru, Bandar Lampung, Lampung, Sumatra, 35227, Indonesia",-5.395114,105.277375
Kedai Ibu Merry,"Kedai Ibu Merry, Jalan Pulau Buru, Way Halim Permai, Bandar Lampung, Lampung, Sumatra, 35136, Indonesia",-5.388042,105.275878
Kedai Ngemil 4M,"Kedai Ngemil 4M, Jalan Pulau Buru, Way Halim Permai, Bandar Lampung, Lampung, Sumatra, 35136, Indonesia",-5.387867,105.276059
Sate Padang Ajo Nasri,"Sate Padang Ajo Nasri, Pulau Batam Raya, Way Halim Permai, Bandar Lampung, Lampung, Sumatra, 35136, Indonesia",-5.387508,105.276433
RM Ngarsino,"RM Ngarsino, Gang P. Tabuan, Kalibalau Kencana, Bandar Lampung, Lampung, Sumatra, 35133, Indonesia",-5.38835,105.277581
Dapur Bulbul,"Dapur Bulbul, Gang S. Parm, Way Halim Permai, Bandar Lampung, Lampung, Sumatra, 35133, Indonesia",-5.388126,105.277137
Mie Ayam Bakso Langgeng,"Mie Ayam Bakso Langgeng, Pulau Batam Raya, Way Halim Permai, Bandar Lampung, Lampung, Sumatra, 35136, Indonesia",-5.387732,105.276392
Mie JagoLampung,"Mie JagoLampung, Jalan Griya Utama, Way Halim Permai, Bandar Lampung, Lampung, Sumatra, 35136, Indonesia",-5.384098,105.276736
Mie Keriting Medan,"Mie Keriting Medan, Jalan Ki Maja, Way Halim Permai, Bandar Lampung, Lampung, Sumatra, 35136, Indonesia",-5.385351,105.270612
Warung Enak Griya,"Warung Enak Griya, Jalan Griya Utama, Way Halim Permai, Bandar Lampung, Lampung, Sumatra, 35136, Indonesia",-5.383948,105.275278
Pempek Tenda Biru,"Pempek Tenda Biru, Jalan Ki Maja, Way Halim Permai, Bandar Lampung, Lampung, Sumatra, 35136, Indonesia",-5.386072,105.270178
Ayam Bakar Ojo Gelo,"Ayam Bakar Ojo Gelo, Jalan Ki Maja, Jaga Baya I, Bandar Lampung, Lampung, Sumatra, 35132, Indonesia",-5.386888,105.264912
Gorengan Kabita,"Gorengan Kabita, Jalan Ki Maja, Jaga Baya I, Bandar Lampung, Lampung, Sumatra, 35132, Indonesia",-5.386675,105.266014
Pempek Berkah,"Pempek Berkah, Jalan Ki Maja, Jaga Baya I, Bandar Lampung, Lampung, Sumatra, 35132, Indonesia",-5.386852,105.265281
Sate Luwes,"Sate Luwes, Jalan Ki Maja, Way Halim Permai, Bandar Lampung, Lampung, Sumatra, 35136, Indonesia",-5.385877,105.269312
Kedai Bang Meki,"Kedai Bang Meki, Jalan Griya Utama, Way Halim Permai, Bandar Lampung, Lampung, Sumatra, 35136, Indonesia",-5.384136,105.275328
Rumah CAke,"Rumah CAke, Jalan Ki Maja, Jaga Baya I, Bandar Lampung, Lampung, Sumatra, 35132, Indonesia",-5.387003,105.263158
Masakan Padang,"Masakan Padang, Jalan Ki Maja, Jaga Baya I, Bandar Lampung, Lampung, Sumatra, 35132, Indonesia",-5.387528,105.261948
Pecel Lele Cahaya Berkah,"Pecel Lele Cahaya Berkah, Jalan Ki Maja, Jaga Baya I, Bandar Lampung, Lampung, Sumatra, 35132, Indonesia",-5.386741,105.264548
Ara Tahu,"Ara Tahu, Jalan Ki Maja, Jaga Baya I, Bandar Lampung, Lampung, Sumatra, 35132, Indonesia",-5.386645,105.266092
Ayam Kremes Uhuy,"Ayam Kremes Uhuy, Jalan Urip Sumoharjo, Jaga Baya I, Bandar Lampung, Lampung, Sumatra, 35136, Indonesia",-5.386831,105.266898
Kerang Hijau Bumbu Kuning,"Kerang Hijau Bumbu Kuning, Gang Jambu, Jaga Baya I, Bandar Lampung, Lampung, Sumatra, 35136, Indonesia",-5.387267,105.266722
Serut Durian,"Serut Durian, Jalan Ki Maja, Way Halim Permai, Bandar Lampung, Lampung, Sumatra, 35136, Indonesia",-5.386077,105.27054
Kedai Ki Maja,"Kedai Ki Maja, Jalan Ki Maja, Way Halim Permai, Bandar Lampung, Lampung, Sumatra, 35136, Indonesia",-5.386318,105.269452
Pindang Pegagan Sunda,"Pindang Pegagan Sunda, Jalan Ki Maja, Jaga Baya I, Bandar Lampung, Lampung, Sumatra, 35136, Indonesia",-5.386485,105.267093
Martabak Aqil,"Martabak Aqil, Jalan Ki Maja, Way Halim Permai, Bandar Lampung, Lampung, Sumatra, 35136, Indonesia",-5.385607,105.268253
Pempek Nadira,"Pempek Nadira, Mawar, Way Halim Permai, Bandar Lampung, Lampung, Sumatra, 35136, Indonesia",-5.38429,105.270888
Pecel Lele Zaqila,"Pecel Lele Zaqila, Jalan Ki Maja, Way Halim Permai, Bandar Lampung, Lampung, Sumatra, 35136, Indonesia",-5.386203,105.270451
Nasi Goreng Ojo Lali,"Nasi Goreng Ojo Lali, Jalan Ki Maja, Way Halim Permai, Bandar Lampung, Lampung, Sumatra, 35136, Indonesia",-5.38522,105.270861
Roti Bon;s Way Halim,"Roti Bon;s Way Halim, Jalan Ki Maja, Way Halim Permai, Bandar Lampung, Lampung, Sumatra, 35136, Indonesia",-5.386204,105.270773
Seblak Jago,"Seblak Jago, Jalan Ki Maja, Way Halim Permai, Bandar Lampung, Lampung, Sumatra, 35136, Indonesia",-5.38512,105.270653
Mie Ayam Bakso,"Mie Ayam Bakso, Jalan Putri Balau, Tanjung Agung, Bandar Lampung, Lampung, Sumatra, 35126, Indonesia",-5.410031,105.268127
Ayam Geprek Ibu Dewi,"Ayam Geprek Ibu Dewi, Jalan Mulya Jaya, Tanjung Agung, Bandar Lampung, Lampung, Sumatra, 35227, Indonesia",-5.410294,105.270745
Ayam Geprek Nasi Kuning,"Ayam Geprek Nasi Kuning, Jalan Rajawali II, Tanjung Agung, Bandar Lampung, Lampung, Sumatra, 35126, Indonesia",-5.411032,105.268469
Nasi Uduk Aqila,"Nasi Uduk Aqila, Jalan Putri Balau, Tanjung Agung, Bandar Lampung, Lampung, Sumatra, 35126, Indonesia",-5.410083,105.268352
TA-DAA!,"TA-DAA!, Jalan Putri Balau, Tanjung Agung, Bandar Lampung, Lampung, Sumatra, 35122, Indonesia",-5.411942,105.272044
Nasi Uduk Nyai,"Nasi Uduk Nyai, Jalan Putri Balau, Tanjung Agung, Bandar Lampung, Lampung, Sumatra, 35122, Indonesia",-5.412191,105.271951
Mi Ogan,"Mi Ogan, Gang Langgar 4, Tanjung Agung, Bandar Lampung, Lampung, Sumatra, 35122, Indonesia",-5.411131,105.273811
Bubur Ayam Mang Oyo,"Bubur Ayam Mang Oyo, Jalan Putri Balau, Tanjung Agung, Bandar Lampung, Lampung, Sumatra, 35122, Indonesia",-5.4128,105.275332
Dapur Tatu,"Dapur Tatu, Gang Batin Pemuka, Tanjung Agung, Bandar Lampung, Lampung, Sumatra, 35122, Indonesia",-5.412316,105.273553
Dpoer Suroboyo,"Dpoer Suroboyo, Jalan Putri Balau, Kedamaian, Bandar Lampung, Lampung, Sumatra, 35122, Indonesia",-5.412277,105.277894
RM. Rantau Minang,"RM. Rantau Minang, Jalan Putri Balau, Kedamaian, Bandar Lampung, Lampung, Sumatra, 35122, Indonesia",-5.411587,105.280254
Mie Ayam Garuntang 2,"Mie Ayam Garuntang 2, Jalan Putri Balau, Kedamaian, Bandar Lampung, Lampung, Sumatra, 35122, Indonesia",-5.411211,105.28446
Bakso Idon,"Bakso Idon, Jalan Ridwan Rais, Kedamaian, Bandar Lampung, Lampung, Sumatra, 35227, Indonesia",-5.404271,105.284626
Martabak Bangka,"Martabak Bangka, Jalan Putri Balau, Kedamaian, Bandar Lampung, Lampung, Sumatra, 35122, Indonesia",-5.411572,105.280585
Baso Aci Jarkofit,"Baso Aci Jarkofit, Alimuddin Umar, Campang Raya, Bandar Lampung, Lampung, Sumatra, 35133, Indonesia",-5.406821,105.30582
Mie Ayam 21,"Mie Ayam 21, Jalan Putri Balau, Tanjung Agung, Bandar Lampung, Lampung, Sumatra, 35122, Indonesia",-5.412719,105.276483
RM. Campang Raya,"RM. Campang Raya, Gang Seri, Campang Raya, Bandar Lampung, Lampung, Sumatra, 35122, Indonesia",-5.407127,105.299445
Pempek Ikan Lila,"Pempek Ikan Lila, Gang Pilram Hukum, Tanjung Agung, Bandar Lampung, Lampung, Sumatra, 35122, Indonesia",-5.412366,105.276633
RM Sari Minang,"RM Sari Minang, Jalan Ridwan Rais, Kedamaian, Bandar Lampung, Lampung, Sumatra, 35122, Indonesia",-5.411222,105.285407
Satu Mangkok,"Satu Mangkok, Jalan Putri Balau, Tanjung Agung, Bandar Lampung, Lampung, Sumatra, 35122, Indonesia",-5.413887,105.275552
Kkochi Korean Streetfood,"Kkochi Korean Streetfood, Jalan Ridwan Rais, Kedamaian, Bandar Lampung, Lampung, Sumatra, 35227, Indonesia",-5.405578,105.285884
Gudeg Jawa,"Gudeg Jawa, Jalan Mangga, Kedamaian, Bandar Lampung, Lampung, Sumatra, 35122, Indonesia",-5.411893,105.281797
Faust Kitchen,"Faust Kitchen, HR M. Mangoendiprodjo, Kedamaian, Bandar Lampung, Lampung, Sumatra, 35122, Indonesia",-5.406056,105.291088
Rumah Ikan Cafe dan Resto,"Rumah Ikan Cafe dan Resto, Jalan Ridwan Rais, Kedamaian, Bandar Lampung, Lampung, Sumatra, 35122, Indonesia",-5.409307,105.285862
Dapur Mamow,"Dapur Mamow, Gang Pelopor 2, Kedamaian, Bandar Lampung, Lampung, Sumatra, 35122, Indonesia",-5.410835,105.284838
Arion Kitchen,"Arion Kitchen, Gang T. Pesirah Marga, Kedamaian, Bandar Lampung, Lampung, Sumatra, 35122, Indonesia",-5.411688,105.283682
Tradisi Indo,"Tradisi Indo, Gang Pelopor 3, Kedamaian, Bandar Lampung, Lampung, Sumatra, 35122, Indonesia",-5.410051,105.284936
Warung Bu Sum,"Warung Bu Sum, Jalan HR M. Mangoendiprodjo, Kedamaian, Bandar Lampung, Lampung, Sumatra, 35122, Indonesia",-5.411442,105.288884
Doubel Eight Resto,"Doubel Eight Resto, Jalan Haji Syarif, Kedamaian, Bandar Lampung, Lampung, Sumatra, 35227, Indonesia",-5.40544,105.285922
Warung Bude,"Warung Bude, Jalan HR M. Mangoendiprodjo, Kedamaian, Bandar Lampung, Lampung, Sumatra, 35122, Indonesia",-5.411688,105.287945
Pempek Mimi Kedamaian,"Pempek Mimi Kedamaian, Jalan Puncak, Kedamaian, Bandar Lampung, Lampung, Sumatra, 35122, Indonesia",-5.411753,105.286774
Momah Cooking,"Momah Cooking, Jalan Puncak, Kedamaian, Bandar Lampung, Lampung, Sumatra, 35122, Indonesia",-5.412573,105.28683
Ayam Geprek Rahma,"Ayam Geprek Rahma, Jalan Haji Syarif, Kedamaian, Bandar Lampung, Lampung, Sumatra, 35227, Indonesia",-5.404613,105.286605
Pecel Lele Lamongan,"Pecel Lele Lamongan, HR M. Mangoendiprodjo, Kedamaian, Bandar Lampung, Lampung, Sumatra, 35122, Indonesia",-5.406611,105.292034
Warung Depa,"Warung Depa, Alimuddin Umar, Campang Raya, Bandar Lampung, Lampung, Sumatra, 35133, Indonesia",-5.40689,105.307086
Rumah Makan,"Rumah Makan, Alimuddin Umar, Campang Raya, Bandar Lampung, Lampung, Sumatra, 35133, Indonesia",-5.407814,105.29504
RM Bareh Solok,"RM Bareh Solok, Gang Rawan, Campang Raya, Bandar Lampung, Lampung, Sumatra, 35122, Indonesia",-5.406814,105.301249
RM Mbak Barokah,"RM Mbak Barokah, Jalan Pelita II, Kedamaian, Bandar Lampung, Lampung, Sumatra, 35122, Indonesia",-5.408855,105.288659
Ayam Geprek Melejit,"Ayam Geprek Melejit, Alimuddin Umar, Campang Raya, Bandar Lampung, Lampung, Sumatra, 35133, Indonesia",-5.40662,105.313791
"RM, Saidi","RM, Saidi, Alimuddin Umar, Campang Raya, Bandar Lampung, Lampung, Sumatra, 35133, Indonesia",-5.407748,105.295449
Pempek Palembang Wildan,"Pempek Palembang Wildan, Gang Tulang Bawang, Campang Raya, Bandar Lampung, Lampung, Sumatra, 35133, Indonesia",-5.40444,105.310445
Kantin Kaka,"Kantin Kaka, Gang Tulang Bawang, Campang Raya, Bandar Lampung, Lampung, Sumatra, 35133, Indonesia",-5.404649,105.310872
Pempek Arjuna,"Pempek Arjuna, Alimuddin Umar, Campang Raya, Bandar Lampung, Lampung, Sumatra, 35133, Indonesia",-5.407134,105.310083
Rumah Makan Mbak sri,"Rumah Makan Mbak sri, Alimuddin Umar, Campang Raya, Bandar Lampung, Lampung, Sumatra, 35133, Indonesia",-5.406937,105.311667
This is Brazil,"This is Brazil, Alimuddin Umar, Campang Raya, Bandar Lampung, Lampung, Sumatra, 35133, Indonesia",-5.406358,105.312486
Kedai Leuhung,"Kedai Leuhung, Alimuddin Umar, Campang Raya, Bandar Lampung, Lampung, Sumatra, 35133, Indonesia",-5.404927,105.310781
Dapur Yana 17,"Dapur Yana 17, Alimuddin Umar, Campang Raya, Bandar Lampung, Lampung, Sumatra, 35133, Indonesia",-5.406485,105.311789
Langit Renjana,"Langit Renjana, Jalan Kiwi, Kedaton, Bandar Lampung, Lampung, Sumatra, 35123, Indonesia",-5.392961,105.25761
Ayam Geprek Pedes Gila,"Ayam Geprek Pedes Gila, Jalan Harimau, Kedaton, Bandar Lampung, Lampung, Sumatra, 35123, Indonesia",-5.39459,105.256757
Pempek Eka Ria,"Pempek Eka Ria, Jalan Onta, Penengahan, Bandar Lampung, Lampung, Sumatra, 35112, Indonesia",-5.397872,105.256698
Nasi Goreng Onta,"Nasi Goreng Onta, Jalan Onta, Penengahan, Bandar Lampung, Lampung, Sumatra, 35112, Indonesia",-5.397847,105.256553
Kantin Pempek Sultan,"Kantin Pempek Sultan, Jalan Harimau, Kedaton, Bandar Lampung, Lampung, Sumatra, 35123, Indonesia",-5.39389,105.256969
Angsa Satoe,"Angsa Satoe, Gang Angsa, Penengahan, Bandar Lampung, Lampung, Sumatra, 35112, Indonesia",-5.397427,105.257284
Ayam Suwir Netizen,"Ayam Suwir Netizen, Jalan Harimau, Penengahan, Bandar Lampung, Lampung, Sumatra, 35112, Indonesia",-5.396645,105.257182
Bika Ambon Lampung,"Bika Ambon Lampung, Jalan Harimau, Penengahan, Bandar Lampung, Lampung, Sumatra, 35112, Indonesia",-5.397047,105.256664
Siomay & Frozen,"Siomay & Frozen, Jalan Harimau, Kedaton, Bandar Lampung, Lampung, Sumatra, 35123, Indonesia",-5.394338,105.257173
Warung Mie Rania,"Warung Mie Rania, Jalan Kiwi, Kedaton, Bandar Lampung, Lampung, Sumatra, 35123, Indonesia",-5.39297,105.257937
Bittersweet,"Bittersweet, Jalan Onta, Penengahan, Bandar Lampung, Lampung, Sumatra, 35112, Indonesia",-5.397528,105.255219
Tekwan Bakso Lek Sutres,"Tekwan Bakso Lek Sutres, Jalan Onta, Penengahan, Bandar Lampung, Lampung, Sumatra, 35112, Indonesia",-5.396679,105.253451
Kedai Hamdallah,"Kedai Hamdallah, Jalan Rusa, Sukamenanti, Bandar Lampung, Lampung, Sumatra, 35123, Indonesia",-5.395746,105.251171
Kari Jepang,"Kari Jepang, Jalan Onta, Penengahan, Bandar Lampung, Lampung, Sumatra, 35112, Indonesia",-5.397405,105.256212
Lapau Nasi Minang,"Lapau Nasi Minang, Jalan Onta, Penengahan, Bandar Lampung, Lampung, Sumatra, 35112, Indonesia",-5.397498,105.256073
Seblak Azzam Melotot,"Seblak Azzam Melotot, Jalan Rusa, Sukamenanti, Bandar Lampung, Lampung, Sumatra, 35123, Indonesia",-5.395283,105.251537
Kupat Tahu Magelang,"Kupat Tahu Magelang, Jalan Onta, Penengahan, Bandar Lampung, Lampung, Sumatra, 35112, Indonesia",-5.395728,105.251097
Bakso Hazami,"Bakso Hazami, Jalan Onta, Penengahan, Bandar Lampung, Lampung, Sumatra, 35112, Indonesia",-5.396408,105.252847
Mie Ayam Kancil,"Mie Ayam Kancil, Jalan Kamboja, Enggal, Bandar Lampung, Lampung, Sumatra, 35121, Indonesia",-5.414246,105.259839
Salad uah Asinan,"Salad uah Asinan, Jalan Adi Sucipto, Enggal, Bandar Lampung, Lampung, Sumatra, 35126, Indonesia",-5.413593,105.265442
Tekwan & Bakso,"Tekwan & Bakso, Jalan Kamboja, Enggal, Bandar Lampung, Lampung, Sumatra, 35121, Indonesia",-5.414537,105.259598
Kedai Maiyah,"Kedai Maiyah, Jalan Adi Sucipto, Enggal, Bandar Lampung, Lampung, Sumatra, 35126, Indonesia",-5.413715,105.263456
Ayam Geprek Nadhifa,"Ayam Geprek Nadhifa, Jalan Adi Sucipto, Enggal, Bandar Lampung, Lampung, Sumatra, 35126, Indonesia",-5.413611,105.263385
BubuR ayam Mirasa,"BubuR ayam Mirasa, Jalan Hayam Wuruk, Gunung Sari, Bandar Lampung, Lampung, Sumatra, 35121, Indonesia",-5.409319,105.26544
Bakmi Bangka 88,"Bakmi Bangka 88, Jalan Dasamuko, Gunung Sari, Bandar Lampung, Lampung, Sumatra, 35126, Indonesia",-5.406883,105.266533
Nasi Uduk Ibu Emah,"Nasi Uduk Ibu Emah, Jalan P. Seram, Gunung Sari, Bandar Lampung, Lampung, Sumatra, 35121, Indonesia",-5.406132,105.266391
Pempek Adon,"Pempek Adon, Jalan Kamboja, Enggal, Bandar Lampung, Lampung, Sumatra, 35126, Indonesia",-5.414045,105.262251
Warung Santap Abah,"Warung Santap Abah, Jalan Adi Sucipto, Enggal, Bandar Lampung, Lampung, Sumatra, 35126, Indonesia",-5.413277,105.265143
Ampera Uni Ros,"Ampera Uni Ros, Jalan Dasamuko, Gunung Sari, Bandar Lampung, Lampung, Sumatra, 35126, Indonesia",-5.406794,105.266487
Martabak India Harman,"Martabak India Harman, Jalan Adi Sucipto, Enggal, Bandar Lampung, Lampung, Sumatra, 35126, Indonesia",-5.413859,105.26339
Sate Padang Sidi,"Sate Padang Sidi, Jalan Bukit 2, Gunung Sari, Bandar Lampung, Lampung, Sumatra, 35126, Indonesia",-5.409279,105.264852
Bakso Solo 7,"Bakso Solo 7, Jalan Hayam Wuruk, Gunung Sari, Bandar Lampung, Lampung, Sumatra, 35121, Indonesia",-5.409862,105.2665
Sate Madura Kholil,"Sate Madura Kholil, Jalan Palau Bacan, Jagabaya III, Bandar Lampung, Lampung, Sumatra, 35227, Indonesia",-5.407876,105.269624
Nasi Hainan,"Nasi Hainan, Jalan Palau Bacan, Jagabaya III, Bandar Lampung, Lampung, Sumatra, 35227, Indonesia",-5.406636,105.269403
Warung Nanda Causa,"Warung Nanda Causa, Jalan P. Seram, Gunung Sari, Bandar Lampung, Lampung, Sumatra, 35121, Indonesia",-5.40576,105.267178
Mie Anda,"Mie Anda, Jalan Palau Bacan, Jagabaya III, Bandar Lampung, Lampung, Sumatra, 35227, Indonesia",-5.407763,105.269614
Rumah Makan,"Rumah Makan, Jalan Palau Bacan, Jagabaya III, Bandar Lampung, Lampung, Sumatra, 35227, Indonesia",-5.406679,105.269603
Nasi Uduk Eling,"Nasi Uduk Eling, Jalan Mekarsari, Jagabaya III, Bandar Lampung, Lampung, Sumatra, 35227, Indonesia",-5.407532,105.269725
RM Padang Jaya,"RM Padang Jaya, Jalan Letnan Jenderal Suprapto, Durian Payung, Bandar Lampung, Lampung, Sumatra, 35119, Indonesia",-5.419056,105.25504
Bakul Geh Ayam Geprek,"Bakul Geh Ayam Geprek, Jalan Letnan Jenderal Suprapto, Durian Payung, Bandar Lampung, Lampung, Sumatra, 35119, Indonesia",-5.415916,105.255663
Griya Oebi,"Griya Oebi, Jalan Pajajaran, Jaga Baya I, Bandar Lampung, Lampung, Sumatra, 35136, Indonesia",-5.389528,105.266535
Rii''s Kitchen and Coffe,"Rii''s Kitchen and Coffe, Jalan Kartini, Durian Payung, Bandar Lampung, Lampung, Sumatra, 35119, Indonesia",-5.418536,105.253567
Dapur Habib,"Dapur Habib, Jalan Aziz Cindar Bumi, Durian Payung, Bandar Lampung, Lampung, Sumatra, 35119, Indonesia",-5.420236,105.255385
Encim Genduts,"Encim Genduts, Jalan Lindu, Durian Payung, Bandar Lampung, Lampung, Sumatra, 35119, Indonesia",-5.418792,105.25431
Pempek Mang Ujuk,"Pempek Mang Ujuk, Jalan Letnan Jenderal Suprapto, Durian Payung, Bandar Lampung, Lampung, Sumatra, 35119, Indonesia",-5.415949,105.255399
Warung NAsi Uduk Jengkol,"Warung NAsi Uduk Jengkol, Jalan Letnan Jenderal Suprapto, Durian Payung, Bandar Lampung, Lampung, Sumatra, 35119, Indonesia",-5.419595,105.25481
Ampera Pak Atek,"Ampera Pak Atek, Jalan Pajajaran, Jaga Baya I, Bandar Lampung, Lampung, Sumatra, 35136, Indonesia",-5.390336,105.266638
RM Uda Sayang,"RM Uda Sayang, Jalan Letnan Jenderal Suprapto, Durian Payung, Bandar Lampung, Lampung, Sumatra, 35119, Indonesia",-5.420522,105.254997
Sate Armada's,"Sate Armada's, Jalan Letnan Jenderal Suprapto, Durian Payung, Bandar Lampung, Lampung, Sumatra, 35119, Indonesia",-5.418459,105.254779
Bakso Dono,"Bakso Dono, Jalan Letnan Jenderal Suprapto, Durian Payung, Bandar Lampung, Lampung, Sumatra, 35119, Indonesia",-5.414562,105.256053
Warung Bude Misjon,"Warung Bude Misjon, Jalan Letnan Jenderal Suprapto, Durian Payung, Bandar Lampung, Lampung, Sumatra, 35119, Indonesia",-5.4176,105.255056
Warung Makan Teteh,"Warung Makan Teteh, Jalan Letnan Jenderal Suprapto, Durian Payung, Bandar Lampung, Lampung, Sumatra, 35119, Indonesia",-5.414918,105.25644
Warung Mak Indul,"Warung Mak Indul, Jalan Letnan Jenderal Suprapto, Durian Payung, Bandar Lampung, Lampung, Sumatra, 35119, Indonesia",-5.415687,105.256362
Mushola Al Islah,"Mushola Al Islah, Jalan Letnan Jenderal Suprapto, Durian Payung, Bandar Lampung, Lampung, Sumatra, 35119, Indonesia",-5.414364,105.256715
Warung Pecel Bu Wati,"Warung Pecel Bu Wati, Jalan Raden Patah, Kaliawi, Bandar Lampung, Lampung, Sumatra, 35119, Indonesia",-5.41472,105.251809
Rindut,"Rindut, Jalan Danau Toba, Jaga Baya I, Bandar Lampung, Lampung, Sumatra, 35136, Indonesia",-5.391368,105.266245
Asinan Pak De Saburai,"Asinan Pak De Saburai, Jalan Letnan Jenderal Suprapto, Durian Payung, Bandar Lampung, Lampung, Sumatra, 35119, Indonesia",-5.415789,105.256557
Dapoer Mama 214,"Dapoer Mama 214, Jalan Pajajaran, Jaga Baya I, Bandar Lampung, Lampung, Sumatra, 35136, Indonesia",-5.387576,105.267306
Eat Buds,"Eat Buds, Jalan Letnan Jenderal Suprapto, Durian Payung, Bandar Lampung, Lampung, Sumatra, 35119, Indonesia",-5.413976,105.256678
Bakso Tom,"Bakso Tom, Jalan Pajajaran, Jaga Baya I, Bandar Lampung, Lampung, Sumatra, 35136, Indonesia",-5.387371,105.267287
Nasi Uduk Bi Matsu,"Nasi Uduk Bi Matsu, Gang Umi Mastia, Kaliawi, Bandar Lampung, Lampung, Sumatra, 35119, Indonesia",-5.414961,105.25266
Warung Askan,"Warung Askan, Jalan Raden Patah, Kaliawi, Bandar Lampung, Lampung, Sumatra, 35119, Indonesia",-5.414478,105.253275
Nasi Uduk Mak Sisu,"Nasi Uduk Mak Sisu, Jalan Pajajaran, Jaga Baya I, Bandar Lampung, Lampung, Sumatra, 35136, Indonesia",-5.3876,105.267069
Nasi Uduk Bandung Goceng,"Nasi Uduk Bandung Goceng, Jalan Profesor F. Haji Agus Salim, Kaliawi, Bandar Lampung, Lampung, Sumatra, 35119, Indonesia",-5.411687,105.249572
Kedai Cek Mar,"Kedai Cek Mar, Jalan Sasonoloyo 1, Jagabaya II, Bandar Lampung, Lampung, Sumatra, 35136, Indonesia",-5.392341,105.266426
Mak Benk Gorengan,"Mak Benk Gorengan, Jalan Raden Patah, Kaliawi, Bandar Lampung, Lampung, Sumatra, 35119, Indonesia",-5.414692,105.252832
Tiga Saudara,"Tiga Saudara, Jalan Raden Patah, Kaliawi, Bandar Lampung, Lampung, Sumatra, 35119, Indonesia",-5.414251,105.253149
Warung Bu Ris,"Warung Bu Ris, Gang Raden Patah, Kaliawi, Bandar Lampung, Lampung, Sumatra, 35119, Indonesia",-5.414035,105.25069
Jolirens King,"Jolirens King, Jalan Raden Patah, Kaliawi, Bandar Lampung, Lampung, Sumatra, 35119, Indonesia",-5.41383,105.254588
Warung Neli,"Warung Neli, Gang Satria II, Kaliawi, Bandar Lampung, Lampung, Sumatra, 35119, Indonesia",-5.413482,105.251442
Geprek Bunchu,"Geprek Bunchu, Gang Bukit 4, Kaliawi, Bandar Lampung, Lampung, Sumatra, 35119, Indonesia",-5.413155,105.250935
Uduk Yoga,"Uduk Yoga, Jalan Profesor F. Haji Agus Salim, Kaliawi, Bandar Lampung, Lampung, Sumatra, 35119, Indonesia",-5.411924,105.251186
Bakso Pak Salim,"Bakso Pak Salim, Jalan Raden Patah, Kaliawi, Bandar Lampung, Lampung, Sumatra, 35119, Indonesia",-5.414546,105.252628
Mie Ayam & Tekwan Mantab,"Mie Ayam & Tekwan Mantab, Gang Satria II, Kaliawi, Bandar Lampung, Lampung, Sumatra, 35119, Indonesia",-5.413515,105.252133
Bakso Mang Joni,"Bakso Mang Joni, Jalan Profesor F. Haji Agus Salim, Kaliawi, Bandar Lampung, Lampung, Sumatra, 35119, Indonesia",-5.412129,105.251996
Yussi Akmal,"Yussi Akmal, Jalan Dahlia, Tanjung Raya, Bandar Lampung, Lampung, Sumatra, 35213, Indonesia",-5.421428,105.269235
Keude Aceh Warung Makan,"Keude Aceh Warung Makan, Jalan Gajah Mada, Tanjung Raya, Bandar Lampung, Lampung, Sumatra, 35213, Indonesia",-5.421284,105.269498
Lesehan Klaten,"Lesehan Klaten, Jalan Kartini, Durian Payung, Bandar Lampung, Lampung, Sumatra, 35119, Indonesia",-5.412302,105.255955
Martabak Ewok,"Martabak Ewok, Jalan Profesor F. Haji Agus Salim, Kebonjeruk, Bandar Lampung, Lampung, Sumatra, 35121, Indonesia",-5.412059,105.255834
Warung Seblak Dower,"Warung Seblak Dower, Gang Senen, Kebonjeruk, Bandar Lampung, Lampung, Sumatra, 35119, Indonesia",-5.412368,105.252308
Sain Deli,"Sain Deli, Jalan Dahlia, Tanjung Raya, Bandar Lampung, Lampung, Sumatra, 35213, Indonesia",-5.420992,105.269018
Nugie Food,"Nugie Food, Gang Sukasari, Kaliawi, Bandar Lampung, Lampung, Sumatra, 35119, Indonesia",-5.411833,105.248779
Ayam Semanggi Gajah Mada,"Ayam Semanggi Gajah Mada, Jalan Mayjen Sutiyoso 2, Rawa Laut, Bandar Lampung, Lampung, Sumatra, 35127, Indonesia",-5.41765,105.267449
Pempek Cik Meing,"Pempek Cik Meing, Jalan Kyai Haji Mas Mansyur, Rawa Laut, Bandar Lampung, Lampung, Sumatra, 35127, Indonesia",-5.420114,105.26903
Roti Bakar Eki,"Roti Bakar Eki, Jalan Gajah Mada, Kota Baru, Bandar Lampung, Lampung, Sumatra, 35127, Indonesia",-5.41998,105.269966
Dapur Kayla,"Dapur Kayla, Gang Swadaya, Tanjung Agung, Bandar Lampung, Lampung, Sumatra, 35122, Indonesia",-5.418025,105.274474
Tiwul Goreng Ibu Romlah,"Tiwul Goreng Ibu Romlah, Jalan Maleo, Kota Baru, Bandar Lampung, Lampung, Sumatra, 35126, Indonesia",-5.416389,105.27103
Dapoer Abi,"Dapoer Abi, Jalan Dokter Harun II, Tanjung Agung, Bandar Lampung, Lampung, Sumatra, 35126, Indonesia",-5.414407,105.272371
Wadidaw GIE,"Wadidaw GIE, Jalan Perintis Kemerdekaan, Kota Baru, Bandar Lampung, Lampung, Sumatra, 35127, Indonesia",-5.418304,105.271094
Gudeg Ria,"Gudeg Ria, Jalan Beo, Tanjung Agung, Bandar Lampung, Lampung, Sumatra, 35126, Indonesia",-5.4135,105.269165
Raihan Catering,"Raihan Catering, Jalan Haji Said, Kota Baru, Bandar Lampung, Lampung, Sumatra, 35122, Indonesia",-5.417653,105.276535
Kaki Lapan Resto,"Kaki Lapan Resto, Jalan Gatot Soebroto, Garuntang, Bandar Lampung, Lampung, Sumatra, 35228, Indonesia",-5.435463,105.281588
Martabak Damang,"Martabak Damang, Jalan Haji Jamaludin, Rawa Laut, Bandar Lampung, Lampung, Sumatra, 35126, Indonesia",-5.416454,105.267222
Ayam Geprek SB 21,"Ayam Geprek SB 21, Jalan Haji Said, Kota Baru, Bandar Lampung, Lampung, Sumatra, 35213, Indonesia",-5.419331,105.274336
Karibian Dessert,"Karibian Dessert, Jalan Perintis Kemerdekaan, Kota Baru, Bandar Lampung, Lampung, Sumatra, 35127, Indonesia",-5.417491,105.271027
Warung Pecel Teh Anita,"Warung Pecel Teh Anita, Jalan Dokter Harun II, Tanjung Agung, Bandar Lampung, Lampung, Sumatra, 35126, Indonesia",-5.414271,105.270382
RM Ampera Viola,"RM Ampera Viola, Jalan Doktorandus Haji Fauzi Saleh, Tanjung Agung, Bandar Lampung, Lampung, Sumatra, 35122, Indonesia",-5.41808,105.273621
Warung Uduk Bude,"Warung Uduk Bude, Gang Abdul Fatah Kotabaru, Tanjung Agung, Bandar Lampung, Lampung, Sumatra, 35126, Indonesia",-5.413661,105.271149
Kangen Nyos Group,"Kangen Nyos Group, Jalan Perintis Kemerdekaan, Kota Baru, Bandar Lampung, Lampung, Sumatra, 35127, Indonesia",-5.418496,105.27056
Ay Ay Dimsum,"Ay Ay Dimsum, Jalan Haji Said, Kota Baru, Bandar Lampung, Lampung, Sumatra, 35122, Indonesia",-5.419221,105.275055
Warung Sawo,"Warung Sawo, Gang Masjid Nurul Yaqin, Garuntang, Bandar Lampung, Lampung, Sumatra, 35228, Indonesia",-5.435264,105.282391
Mie Ayam Emma,"Mie Ayam Emma, Jalan Serasan I, Tanjung Gading, Bandar Lampung, Lampung, Sumatra, 35228, Indonesia",-5.434633,105.281005
Nasi Uduk BuAni,"Nasi Uduk BuAni, Jalan Haji Said, Kota Baru, Bandar Lampung, Lampung, Sumatra, 35122, Indonesia",-5.418784,105.274391
Mr Babah Lampung,"Mr Babah Lampung, Gang Swadaya, Tanjung Agung, Bandar Lampung, Lampung, Sumatra, 35122, Indonesia",-5.417608,105.273808
Sate Cak Bakri,"Sate Cak Bakri, Jalan Gatot Soebroto, Garuntang, Bandar Lampung, Lampung, Sumatra, 35228, Indonesia",-5.435794,105.282934
Mie Ayam Syafira,"Mie Ayam Syafira, Jalan Terusan Selamet Riyadi, Garuntang, Bandar Lampung, Lampung, Sumatra, 35228, Indonesia",-5.43569,105.283594
Warung NAsi Uduk Ibu Rusmini,"Warung NAsi Uduk Ibu Rusmini, Jalan Gatot Soebroto, Garuntang, Bandar Lampung, Lampung, Sumatra, 35228, Indonesia",-5.434312,105.279459
Golden Star Food Festival,"Golden Star Food Festival, Gang Masjid Nurul Yaqin, Garuntang, Bandar Lampung, Lampung, Sumatra, 35228, Indonesia",-5.435302,105.282046
Pecel Lele Bu Mun,"Pecel Lele Bu Mun, Jalan Gatot Soebroto, Garuntang, Bandar Lampung, Lampung, Sumatra, 35228, Indonesia",-5.436055,105.282442
Ariani Pempek,"Ariani Pempek, Jalan Selamet Riyadi II, Garuntang, Bandar Lampung, Lampung, Sumatra, 35245, Indonesia",-5.437144,105.288493
Ayam Geprek Ibu Juleha,"Ayam Geprek Ibu Juleha, Jalan Gatot Soebroto, Garuntang, Bandar Lampung, Lampung, Sumatra, 35228, Indonesia",-5.436316,105.288876
Ampera Takanajuo,"Ampera Takanajuo, Jalan Gatot Soebroto, Garuntang, Bandar Lampung, Lampung, Sumatra, 35228, Indonesia",-5.442932,105.292016
RM Umega Jaya,"RM Umega Jaya, Jalan Gatot Soebroto, Garuntang, Bandar Lampung, Lampung, Sumatra, 35228, Indonesia",-5.436733,105.288321
Vezzo Steak and Wine,"Vezzo Steak and Wine, Jalan Gatot Soebroto, Garuntang, Bandar Lampung, Lampung, Sumatra, 35245, Indonesia",-5.436104,105.287269
The Hevn,"The Hevn, Jalan Gatot Soebroto, Garuntang, Bandar Lampung, Lampung, Sumatra, 35245, Indonesia",-5.436235,105.287993
Warung Nasi Sambal Asin,"Warung Nasi Sambal Asin, Jalan Gatot Soebroto, Garuntang, Bandar Lampung, Lampung, Sumatra, 35245, Indonesia",-5.436148,105.287544
RM Ayam Bakar Pak Kumis,"RM Ayam Bakar Pak Kumis, Gang Fayakun, Garuntang, Bandar Lampung, Lampung, Sumatra, 35245, Indonesia",-5.436066,105.286986
Pepes PU Nasi Timbel,"Pepes PU Nasi Timbel, Jalan Gatot Soebroto, Garuntang, Bandar Lampung, Lampung, Sumatra, 35245, Indonesia",-5.435625,105.287401
Pindang Mak Aki,"Pindang Mak Aki, Jalan Gatot Soebroto, Garuntang, Bandar Lampung, Lampung, Sumatra, 35228, Indonesia",-5.44283,105.291888
Nasi Uduk Tama,"Nasi Uduk Tama, Jalan Dokter Harun I, Rawa Laut, Bandar Lampung, Lampung, Sumatra, 35126, Indonesia",-5.415078,105.266261
Ayam Geprek Babe,"Ayam Geprek Babe, Jalan Dokter Harun I, Rawa Laut, Bandar Lampung, Lampung, Sumatra, 35126, Indonesia",-5.415095,105.264263
Jajanin Bandar Lampung,"Jajanin Bandar Lampung, Jalan Mayjen Sutioso, Rawa Laut, Bandar Lampung, Lampung, Sumatra, 35127, Indonesia",-5.416085,105.262779
Bubur Kacang Hijau Rahmad,"Bubur Kacang Hijau Rahmad, Gang Haji Mutiah, Rawa Laut, Bandar Lampung, Lampung, Sumatra, 35126, Indonesia",-5.414445,105.266347
Bakso Iga Acil 2,"Bakso Iga Acil 2, Jalan Dokter Harun I, Enggal, Bandar Lampung, Lampung, Sumatra, 35127, Indonesia",-5.415232,105.263539
Kedai 720,"Kedai 720, Jalan Mayjen Sutioso, Rawa Laut, Bandar Lampung, Lampung, Sumatra, 35127, Indonesia",-5.416286,105.262636
Natha Creakers,"Natha Creakers, Jalan Dokter Harun I, Rawa Laut, Bandar Lampung, Lampung, Sumatra, 35126, Indonesia",-5.415503,105.265716
WArung Makan Oma,"WArung Makan Oma, Jalan Mayjen Sutioso, Rawa Laut, Bandar Lampung, Lampung, Sumatra, 35127, Indonesia",-5.416172,105.263048
Kantin Miaga,"Kantin Miaga, Jalan Hos Cokroaminoto, Enggal, Bandar Lampung, Lampung, Sumatra, 35127, Indonesia",-5.41553,105.261149
Rumah Dimsum,"Rumah Dimsum, Jalan Kamboja, Enggal, Bandar Lampung, Lampung, Sumatra, 35121, Indonesia",-5.413834,105.259571
Bakso Solo Baru,"Bakso Solo Baru, Jalan Hos Cokroaminoto, Enggal, Bandar Lampung, Lampung, Sumatra, 35127, Indonesia",-5.417426,105.262441
Mekar Harum Jaya,"Mekar Harum Jaya, Jalan Banten, Gunung Mas, Bandar Lampung, Lampung, Sumatra, 35223, Indonesia",-5.452385,105.252345
Mia Ayam Bakso Solihin,"Mia Ayam Bakso Solihin, Jalan Banten, Gunung Mas, Bandar Lampung, Lampung, Sumatra, 35223, Indonesia",-5.452111,105.251647
Ramen Mekedak,"Ramen Mekedak, Jalan Hos Cokroaminoto, Enggal, Bandar Lampung, Lampung, Sumatra, 35127, Indonesia",-5.417568,105.26249
{empek Cuko 234,"{empek Cuko 234, Jalan M. Saleh, Rawa Laut, Bandar Lampung, Lampung, Sumatra, 35127, Indonesia",-5.417124,105.264895
Ayam Geprek Hijrah,"Ayam Geprek Hijrah, Gang Damastik, Rawa Laut, Bandar Lampung, Lampung, Sumatra, 35127, Indonesia",-5.41644,105.262238
Nasi Uduk Ona,"Nasi Uduk Ona, Gang Kuweni, Gunung Sari, Bandar Lampung, Lampung, Sumatra, 35121, Indonesia",-5.412691,105.259594
Mie Ayam Bakso Rel,"Mie Ayam Bakso Rel, Jalan Rawa Subur, Enggal, Bandar Lampung, Lampung, Sumatra, 35127, Indonesia",-5.415922,105.261239
Warung Makan Nasi Enggal,"Warung Makan Nasi Enggal, Jalan Kyai Haji Mas Mansyur, Rawa Laut, Bandar Lampung, Lampung, Sumatra, 35127, Indonesia",-5.416809,105.262429
Nasi Uduk Teh Imas,"Nasi Uduk Teh Imas, Jalan Laksamana R.E. Martadhinata, Pesawahan, Bandar Lampung, Lampung, Sumatra, 35223, Indonesia",-5.461972,105.249582
Warung Nasi Mama Agung,"Warung Nasi Mama Agung, Jalan Dokter Setiabudi, Gunung Mas, Bandar Lampung, Lampung, Sumatra, 34223, Indonesia",-5.450614,105.255978
Ayam Geprek Juara,"Ayam Geprek Juara, Jalan Hos Cokroaminoto, Enggal, Bandar Lampung, Lampung, Sumatra, 35127, Indonesia",-5.417193,105.262411
Geprek Hanung,"Geprek Hanung, Jalan Laksamana R.E. Martadhinata, Pesawahan, Bandar Lampung, Lampung, Sumatra, 35223, Indonesia",-5.461174,105.250808
Warung Atiqa,"Warung Atiqa, Jalan Laksamana R.E. Martadhinata, Pesawahan, Bandar Lampung, Lampung, Sumatra, 35223, Indonesia",-5.460568,105.251201
Juwan Corner,"Juwan Corner, Jalan Mayjen Sutioso, Rawa Laut, Bandar Lampung, Lampung, Sumatra, 35127, Indonesia",-5.416802,105.264684
Rumah Makan Mang Edeng,"Rumah Makan Mang Edeng, Jalan Mayjen Sutioso, Rawa Laut, Bandar Lampung, Lampung, Sumatra, 35127, Indonesia",-5.416887,105.264435
Warung Ibu Sukanah,"Warung Ibu Sukanah, Jalan M. Saleh, Rawa Laut, Bandar Lampung, Lampung, Sumatra, 35127, Indonesia",-5.416776,105.265178
Bakso Idola Ms Iwan,"Bakso Idola Ms Iwan, Gang Barokah, Pesawahan, Bandar Lampung, Lampung, Sumatra, 35223, Indonesia",-5.460461,105.25151
Warung Soto Bu Dewi,"Warung Soto Bu Dewi, Jalan Laksamana R.E. Martadinata, Bandar Lampung, Pesawaran, Lampung, Sumatra, 35223, Indonesia",-5.463927,105.248026
RM Palapa Raya,"RM Palapa Raya, Jalan Laksamana R.E. Martadhinata, Pesawahan, Bandar Lampung, Lampung, Sumatra, 35223, Indonesia",-5.46257,105.249328
Warung Bakso Model,"Warung Bakso Model, Jalan Laksamana R.E. Martadhinata, Pesawahan, Bandar Lampung, Lampung, Sumatra, 35223, Indonesia",-5.462685,105.249332
Ujang Family,"Ujang Family, Jalan Banten, Gunung Mas, Bandar Lampung, Lampung, Sumatra, 35223, Indonesia",-5.452578,105.252263
Ayam Geprek Mama Salsa,"Ayam Geprek Mama Salsa, Jalan Banten, Gunung Mas, Bandar Lampung, Lampung, Sumatra, 35223, Indonesia",-5.452346,105.252065
Warung Seblak Rumah Kenan,"Warung Seblak Rumah Kenan, Jalan Dokter Setiabudi, Gunung Mas, Bandar Lampung, Lampung, Sumatra, 34223, Indonesia",-5.451134,105.256085
Bakso Knalpot 2,"Bakso Knalpot 2, Jalan Banten, Gunung Mas, Bandar Lampung, Lampung, Sumatra, 35223, Indonesia",-5.452346,105.249078
Nasi Uduk Teh Ipit,"Nasi Uduk Teh Ipit, Jalan Dokter Setiabudi, Gunung Mas, Bandar Lampung, Lampung, Sumatra, 34223, Indonesia",-5.44809,105.254942
Telur Gulung Nice,"Telur Gulung Nice, Gang Barokah, Pesawahan, Bandar Lampung, Lampung, Sumatra, 35223, Indonesia",-5.460677,105.251645
Warung Tulangan Mak Ara,"Warung Tulangan Mak Ara, Jalan Makmun Isya, Gunung Mas, Bandar Lampung, Lampung, Sumatra, 35223, Indonesia",-5.448925,105.254966
Tahu Krispi Pedas,"Tahu Krispi Pedas, Gang Jati, Gunung Mas, Bandar Lampung, Lampung, Sumatra, 35223, Indonesia",-5.452815,105.25389
RM Raja Murah,"RM Raja Murah, Jalan Laksamana R.E. Martadhinata, Pesawahan, Bandar Lampung, Lampung, Sumatra, 35223, Indonesia",-5.463035,105.249083
Gorengan Bang Riki,"Gorengan Bang Riki, Jalan Banten, Gunung Mas, Bandar Lampung, Lampung, Sumatra, 35223, Indonesia",-5.452135,105.249407
Warung Ibu Nur,"Warung Ibu Nur, Jalan Dokter Setiabudi, Gunung Mas, Bandar Lampung, Lampung, Sumatra, 34223, Indonesia",-5.449948,105.255574
Warung Pecel nenek Sila,"Warung Pecel nenek Sila, Jalan Dokter Setiabudi, Gunung Mas, Bandar Lampung, Lampung, Sumatra, 34223, Indonesia",-5.447777,105.254464
Dapoer mama Ita,"Dapoer mama Ita, Jalan Timor, Gunung Mas, Bandar Lampung, Lampung, Sumatra, 35223, Indonesia",-5.450566,105.255667
Warung Bu Dewi,"Warung Bu Dewi, Jalan Banten, Gunung Mas, Bandar Lampung, Lampung, Sumatra, 35223, Indonesia",-5.452496,105.253749
Kedai Kabita,"Kedai Kabita, Jalan Banten, Gunung Mas, Bandar Lampung, Lampung, Sumatra, 35223, Indonesia",-5.452541,105.252138
Bakso Rahayu Mas Dani,"Bakso Rahayu Mas Dani, Jalan Banten, Gunung Mas, Bandar Lampung, Lampung, Sumatra, 35223, Indonesia",-5.452482,105.254866
Saung Sunda,"Saung Sunda, Jalan Banten, Gunung Mas, Bandar Lampung, Lampung, Sumatra, 35223, Indonesia",-5.452345,105.252151
Dapur Mom Hits,"Dapur Mom Hits, Jalan Banten, Gunung Mas, Bandar Lampung, Lampung, Sumatra, 35223, Indonesia",-5.452221,105.249918
Pecel lele Setia,"Pecel lele Setia, Jalan Banten, Gunung Mas, Bandar Lampung, Lampung, Sumatra, 35223, Indonesia",-5.452293,105.255027
Bakso Selirit Pak De,"Bakso Selirit Pak De, Gang Melati Bakung 2, Talang, Bandar Lampung, Lampung, Sumatra, 35223, Indonesia",-5.452011,105.249697
Warung Sop Iyah,"Warung Sop Iyah, Gang Haji Masin, Rawa Laut, Bandar Lampung, Lampung, Sumatra, 35127, Indonesia",-5.418137,105.264358
Takana Padang,"Takana Padang, Gang Damastik, Rawa Laut, Bandar Lampung, Lampung, Sumatra, 35127, Indonesia",-5.419279,105.267043
Warung Makan Aji,"Warung Makan Aji, Jalan Kyai Haji Mas Mansyur, Rawa Laut, Bandar Lampung, Lampung, Sumatra, 35127, Indonesia",-5.418054,105.2648
Pempek Cek Mimi,"Pempek Cek Mimi, Jalan Kyai Haji Mas Mansyur, Rawa Laut, Bandar Lampung, Lampung, Sumatra, 35127, Indonesia",-5.418646,105.265523
Raja Ketupat Enggal,"Raja Ketupat Enggal, Jalan Majapahit, Enggal, Bandar Lampung, Lampung, Sumatra, 35127, Indonesia",-5.420709,105.259591
Sate Luwes,"Sate Luwes, Jalan Kyai Haji Mas Mansyur, Rawa Laut, Bandar Lampung, Lampung, Sumatra, 35127, Indonesia",-5.416902,105.262537
Warung Makan Orlin,"Warung Makan Orlin, Jalan Kyai Haji Mas Mansyur, Rawa Laut, Bandar Lampung, Lampung, Sumatra, 35127, Indonesia",-5.418233,105.265228
Kantin Sriwijaya,"Kantin Sriwijaya, Jalan Majapahit, Enggal, Bandar Lampung, Lampung, Sumatra, 35127, Indonesia",-5.420686,105.259417
Soto Padang Sidi,"Soto Padang Sidi, Jalan Siswondo Parman, Durian Payung, Bandar Lampung, Lampung, Sumatra, 35119, Indonesia",-5.419377,105.256373
Jajanan Persit,"Jajanan Persit, Jalan Ade Irma Suryani, Durian Payung, Bandar Lampung, Lampung, Sumatra, 35119, Indonesia",-5.420759,105.254146
Seblak Jeding,"Seblak Jeding, Jalan Majapahit, Enggal, Bandar Lampung, Lampung, Sumatra, 35127, Indonesia",-5.420328,105.259334
Mie Ayam Bakso Rio,"Mie Ayam Bakso Rio, Jalan Kyai Haji Mas Mansyur, Rawa Laut, Bandar Lampung, Lampung, Sumatra, 35127, Indonesia",-5.417786,105.2643
Mrtabak telur Haikal,"Mrtabak telur Haikal, Jalan Robert Walter Monginsidi, Durian Payung, Bandar Lampung, Lampung, Sumatra, 35119, Indonesia",-5.420982,105.252133
Ketoprak DLC,"Ketoprak DLC, Jalan Karel Satsuit Tubun, Rawa Laut, Bandar Lampung, Lampung, Sumatra, 35127, Indonesia",-5.420384,105.268831
Warung Makan Ibu Dewi,"Warung Makan Ibu Dewi, Jalan Kyai Haji Mas Mansyur, Rawa Laut, Bandar Lampung, Lampung, Sumatra, 35127, Indonesia",-5.419096,105.266398
Eumah Makan Abah Supri,"Eumah Makan Abah Supri, Jalan Kyai Haji Mas Mansyur, Rawa Laut, Bandar Lampung, Lampung, Sumatra, 35127, Indonesia",-5.418509,105.265898
Warung Yanto,"Warung Yanto, Jalan Kyai Haji Mas Mansyur, Rawa Laut, Bandar Lampung, Lampung, Sumatra, 35127, Indonesia",-5.419794,105.268361
Bakso Son Haji Soni,"Bakso Son Haji Soni, Jalan Cut Nyak Dien, Durian Payung, Bandar Lampung, Lampung, Sumatra, 35119, Indonesia",-5.418709,105.251993
Soto Ayam Kampung,"Soto Ayam Kampung, Jalan Sam Ratulangi, Gedong Air, Bandar Lampung, Lampung, Sumatra, 35123, Indonesia",-5.39929,105.248606
Dapur Intan,"Dapur Intan, Jalan Majapahit, Enggal, Bandar Lampung, Lampung, Sumatra, 35127, Indonesia",-5.418735,105.259418
Bubur Ayam Brimob,"Bubur Ayam Brimob, Jalan Karel Satsuit Tubun, Rawa Laut, Bandar Lampung, Lampung, Sumatra, 35127, Indonesia",-5.420289,105.267323
Nasi kuning Ibu Dewi,"Nasi kuning Ibu Dewi, Jalan Majapahit, Enggal, Bandar Lampung, Lampung, Sumatra, 35127, Indonesia",-5.420603,105.259671
Cakwe Bang Santo,"Cakwe Bang Santo, Jalan Ahmad Yani, Durian Payung, Bandar Lampung, Lampung, Sumatra, 35119, Indonesia",-5.421362,105.254126
Geprek Bensu,"Geprek Bensu, Jalan Robert Walter Monginsidi, Durian Payung, Bandar Lampung, Lampung, Sumatra, 35119, Indonesia",-5.420777,105.252118
TNT Shabu Kichen,"TNT Shabu Kichen, Jalan Majapahit, Enggal, Bandar Lampung, Lampung, Sumatra, 35127, Indonesia",-5.420855,105.259313
Pecel Lele Bu Asih,"Pecel Lele Bu Asih, Jalan Raden Intan, Durian Payung, Bandar Lampung, Lampung, Sumatra, 35119, Indonesia",-5.419937,105.259273
Bakso Mercon,"Bakso Mercon, Jalan Kartini, Durian Payung, Bandar Lampung, Lampung, Sumatra, 35119, Indonesia",-5.420179,105.252754
Steak Moen Moen,"Steak Moen Moen, Gang Idrus, Durian Payung, Bandar Lampung, Lampung, Sumatra, 35119, Indonesia",-5.417063,105.253669
Nasi Goreng Jamur,"Nasi Goreng Jamur, Jalan Cut Nyak Dien, Durian Payung, Bandar Lampung, Lampung, Sumatra, 35119, Indonesia",-5.418589,105.249627
Mie Jogja Pak Karso,"Mie Jogja Pak Karso, Jalan Ahmad Yani, Durian Payung, Bandar Lampung, Lampung, Sumatra, 35119, Indonesia",-5.421537,105.252883
Warung Bakso Andika Rasa,"Warung Bakso Andika Rasa, Jalan Cut Nyak Dien, Durian Payung, Bandar Lampung, Lampung, Sumatra, 35119, Indonesia",-5.418507,105.251928
Bakso Wong Ndeso,"Bakso Wong Ndeso, Jalan Siswondo Parman, Durian Payung, Bandar Lampung, Lampung, Sumatra, 35119, Indonesia",-5.419481,105.253089
D'Cost Seafood,"D'Cost Seafood, Jalan Kartini, Durian Payung, Bandar Lampung, Lampung, Sumatra, 35119, Indonesia",-5.416977,105.253932
Solaria,"Solaria, Gang Idrus, Durian Payung, Bandar Lampung, Lampung, Sumatra, 35119, Indonesia",-5.416758,105.253444
Warung NAsi Rames,"Warung NAsi Rames, Jalan Cut Nyak Dien, Durian Payung, Bandar Lampung, Lampung, Sumatra, 35119, Indonesia",-5.418698,105.25227
RM Puti Minang Palapa,"RM Puti Minang Palapa, Gang Haji Arja, Durian Payung, Bandar Lampung, Lampung, Sumatra, 35119, Indonesia",-5.418379,105.251658
Mie Ayam,"Mie Ayam, Jalan Cut Nyak Dien, Durian Payung, Bandar Lampung, Lampung, Sumatra, 35119, Indonesia",-5.418529,105.251121
Dapur Garasi,"Dapur Garasi, Jalan KH. Abdul Hamid, Durian Payung, Bandar Lampung, Lampung, Sumatra, 35119, Indonesia",-5.419232,105.250269
Kana Brasserie,"Kana Brasserie, Jalan Pubian, Durian Payung, Bandar Lampung, Lampung, Sumatra, 35119, Indonesia",-5.418556,105.249427
Seblak Ratulangi,"Seblak Ratulangi, Jalan Sam Ratulangi, Gedong Air, Bandar Lampung, Lampung, Sumatra, 35123, Indonesia",-5.399239,105.248806
Ananda Kitchen,"Ananda Kitchen, Jalan Palapah Indah, Durian Payung, Bandar Lampung, Lampung, Sumatra, 35119, Indonesia",-5.419548,105.247142
Ayam Bakar Mbok Jum,"Ayam Bakar Mbok Jum, Jalan Sam Ratulangi, Gedong Air, Bandar Lampung, Lampung, Sumatra, 35123, Indonesia",-5.401045,105.248396
Pempek Tenda Biru Tamin,"Pempek Tenda Biru Tamin, Jalan Tamin, Sawah Lama, Bandar Lampung, Lampung, Sumatra, 35121, Indonesia",-5.406854,105.248788
Martabak 235,"Martabak 235, Jalan Sam Ratulangi, Gedong Air, Bandar Lampung, Lampung, Sumatra, 35123, Indonesia",-5.401089,105.248306
Pecel lele Crispy,"Pecel lele Crispy, Jalan Sam Ratulangi, Gedong Air, Bandar Lampung, Lampung, Sumatra, 35123, Indonesia",-5.400638,105.248604
Geprek Bu Retno,"Geprek Bu Retno, Jalan Sam Ratulangi, Gedong Air, Bandar Lampung, Lampung, Sumatra, 35123, Indonesia",-5.400074,105.248647
Rumah Baking,"Rumah Baking, Gang Padang Ratu II, Sawah Lama, Bandar Lampung, Lampung, Sumatra, 35112, Indonesia",-5.406352,105.247337
Arema Sehat,"Arema Sehat, Jalan Sam Ratulangi, Gedong Air, Bandar Lampung, Lampung, Sumatra, 35123, Indonesia",-5.398833,105.2487
Ayam Petir Mas Aji,"Ayam Petir Mas Aji, Gang Teratai, Gedong Air, Bandar Lampung, Lampung, Sumatra, 35123, Indonesia",-5.399408,105.248867
Dapur Bude Sri,"Dapur Bude Sri, Gang Mawar III, Gedong Air, Bandar Lampung, Lampung, Sumatra, 35123, Indonesia",-5.39786,105.248384
Martabak Bangka 257,"Martabak Bangka 257, Jalan Sam Ratulangi, Gedong Air, Bandar Lampung, Lampung, Sumatra, 35123, Indonesia",-5.399238,105.248752
Restoran Begadang 2,Diponegoro,-5.42298,105.258646
Dapur Nie,"Dapur Nie, Jalan Amir Hamzah, Gotong Royong, Bandar Lampung, Lampung, Sumatra, 35214, Indonesia",-5.425132,105.257908
Restoran & Hotel Begadang V,"Restoran & Hotel Begadang V, Gang Waru IV, Sukabumi Indah, Bandar Lampung, Lampung, Sumatra, 35133, Indonesia",-5.395827,105.290047
Nagare Ramen,"Nagare Ramen, Jalan Wijaya Kesuma, Tanjung Raya, Bandar Lampung, Lampung, Sumatra, 35213, Indonesia",-5.421988,105.266745
