nama,alamat,lat,long,image_filename
Bakso Setan - Pajajaran,"Bakso Setan - Pajajaran, Jalan Danau Toba, Jaga Baya I, Bandar Lampung, Lampung, Sumatra, 35136, Indonesia",-5.391535,105.266314,img_0_Bakso-Setan-Pajajaran.jpg
Pondok Hijau,Pangeran Antasari,-5.408031,105.273147,img_1_Pondok-Hijau.jpg
Pizza Hut,Pangeran Antasari,-5.40677,105.274862,img_2_Pizza-Hut.jpg
Tian Tian Dimsum,Pangeran Antasari,-5.401134,105.270521,img_3_Tian-Tian-Dimsum.jpg
Warung Gamol,"Warung Gamol, Jalan Sisingamangaraja, Gedong Air, Bandar Lampung, Lampung, Sumatra, 35151, Indonesia",-5.400691,105.244397,img_4_Warung-Gamol.jpg
Chiclin,Jalan Imam Bonjol,-5.399702,105.244511,img_5_Chiclin.jpg
RM Embun Pagi,Jalan Imam Bonjol,-5.403987,105.250964,img_6_RM-Embun-Pagi.jpg
Telur Gulung Abi,Jalan Imam Bonjol,-5.399403,105.243667,img_7_Telur-Gulung-Abi.jpg
Iga Bakar Gerabah,Diponegoro,-5.432119,105.262061,img_8_Iga-Bakar-Gerabah.jpg
Hanamaru Japanese,Diponegoro,-5.435481,105.263662,img_9_Hanamaru-Japanese.jpg
Moro Seneng,Diponegoro,-5.436268,105.263906,img_10_Moro-Seneng.jpg
HO Chicken,Diponegoro,-5.432975,105.262495,img_11_HO-Chicken.jpg
RM Uduk Toha,Diponegoro,-5.432724,105.261844,img_12_RM-Uduk-Toha.jpg
Pempek JK,Diponegoro,-5.433102,105.26212,img_13_Pempek-JK.jpg
RM Lele Terbang,Diponegoro,-5.437087,105.265317,img_14_RM-Lele-Terbang.jpg
Mie Ayam Budi,Dokter Susilo,-5.429282,105.265911,img_15_Mie-Ayam-Budi.jpg
RM Puti Minang,Diponegoro,-5.432986,105.261951,img_16_RM-Puti-Minang.jpg
Roots Hotpot Grill,Diponegoro,-5.432112,105.2616,img_17_Roots-Hotpot-Grill.jpg
Sambel Rumah,Dokter Susilo,-5.429435,105.270725,img_18_Sambel-Rumah.jpg
Pempek Cek Sofi2,Dokter Susilo,-5.429423,105.268298,img_19_Pempek-Cek-Sofi2.jpg
Marimo,"Marimo, Jalan Kyai Haji Ahmad Dahlan, Tanjung Gading, Bandar Lampung, Lampung, Sumatra, 35228, Indonesia",-5.427149,105.271743,img_20_Marimo.jpg
Bakmi Wonton,Ahmad Dahlan,-5.429357,105.271629,img_21_Bakmi-Wonton.jpg
RPP Ropang Plus Plus,Dokter Susilo,-5.42975,105.268198,img_22_RPP-Ropang-Plus-Plus.jpg
The 99 Eatery Pempek,"The 99 Eatery Pempek, Jalan Gatot Soebroto, Garuntang, Bandar Lampung, Lampung, Sumatra, 35228, Indonesia",-5.423268,105.272532,img_23_The-99-Eatery-Pempek.jpg
Pempek dan Mie Ayam Pahoman,"Pempek dan Mie Ayam Pahoman, Jalan Kyai Haji Ahmad Dahlan, Tanjung Gading, Bandar Lampung, Lampung, Sumatra, 35228, Indonesia",-5.429271,105.271688,img_24_Pempek-dan-Mie-Ayam-Pahoman.jpg
Waroeng Steak dan Shake,"Waroeng Steak dan Shake, Jalan Jenderal Gatot Soebroto, Tanjung Raya, Bandar Lampung, Lampung, Sumatra, 35213, Indonesia",-5.422845,105.272125,img_25_Waroeng-Steak-dan-Shake.jpg
GB Express,Perintis Kemerdekaan,-5.422117,105.272469,img_26_GB-Express.jpg
Pindang Pegagan Kei,"Pindang Pegagan Kei, Jalan Doktorandus Haji Muhammad Thabrani Daud, Kota Baru, Bandar Lampung, Lampung, Sumatra, 35228, Indonesia",-5.422318,105.272293,img_27_Pindang-Pegagan-Kei.jpg
Bubur Ayam 10jt,Perintis Kemerdekaan,-5.420784,105.271319,img_28_Bubur-Ayam-10jt.jpeg
RM Ijo,Perintis Kemerdekaan,-5.421688,105.271651,img_29_RM-Ijo.jpg
Soto Kupat Ujang,Perintis Kemerdekaan,-5.419575,105.271317,img_30_Soto-Kupat-Ujang.jpg
Bakso Tuyul,"Bakso Tuyul, Jalan Doktorandus Haji Muhammad Thabrani Daud, Kota Baru, Bandar Lampung, Lampung, Sumatra, 35228, Indonesia",-5.42186,105.272148,img_31_Bakso-Tuyul.jpg
Angkringan Nara,"Angkringan Nara, Jalan Doktorandus Haji Muhammad Thabrani Daud, Kota Baru, Bandar Lampung, Lampung, Sumatra, 35228, Indonesia",-5.425293,105.275423,img_32_Angkringan-Nara.jpg
Roto Bakar Kikim,"Roto Bakar Kikim, Jalan Gajah Mada, Tanjung Raya, Bandar Lampung, Lampung, Sumatra, 35213, Indonesia",-5.420807,105.269676,img_33_Roto-Bakar-Kikim.jpg
Ayam Bakar Pak Nduuts,"Ayam Bakar Pak Nduuts, Jalan Doktorandus Haji Muhammad Thabrani Daud, Kota Baru, Bandar Lampung, Lampung, Sumatra, 35228, Indonesia",-5.424475,105.274583,img_34_Ayam-Bakar-Pak-Nduuts.png
Nasi Goreng Satelit,"Nasi Goreng Satelit, Jalan Way Muli, Tanjung Raya, Bandar Lampung, Lampung, Sumatra, 35213, Indonesia",-5.422189,105.269623,img_35_Nasi-Goreng-Satelit.jpg
WR Rasan,"WR Rasan, Jalan Gajah Mada, Kota Baru, Bandar Lampung, Lampung, Sumatra, 35127, Indonesia",-5.419555,105.269918,img_36_WR-Rasan.jpg
Soto Betawi,"Soto Betawi, Jalan Gajah Mada, Kota Baru, Bandar Lampung, Lampung, Sumatra, 35127, Indonesia",-5.419534,105.269616,img_37_Soto-Betawi.jpg
Kampung Seafood,"Kampung Seafood, Jalan Pangeran Antasari, Tanjung Agung, Bandar Lampung, Lampung, Sumatra, 35227, Indonesia",-5.40713,105.27512,img_38_Kampung-Seafood.jpg
Nasi Uduk Toha,"Nasi Uduk Toha, Jalan Pangeran Antasari, Tanjung Agung, Bandar Lampung, Lampung, Sumatra, 35227, Indonesia",-5.407431,105.274639,img_39_Nasi-Uduk-Toha.jpeg
Sostangdokkebbi,"Sostangdokkebbi, Jalan Pangeran Antasari, Tanjung Baru, Bandar Lampung, Lampung, Sumatra, 35227, Indonesia",-5.403377,105.281469,img_40_Sostangdokkebbi.jpg
Pempek Judes,"Pempek Judes, Jalan Pangeran Antasari, Tanjung Baru, Bandar Lampung, Lampung, Sumatra, 35227, Indonesia",-5.40615,105.27676,img_41_Pempek-Judes.png
Es Teler 99,"Es Teler 99, Jalan Pangeran Antasari, Tanjung Baru, Bandar Lampung, Lampung, Sumatra, 35227, Indonesia",-5.403568,105.281208,img_42_Es-Teler-99.jpg
Martabak Pecenongan,"Martabak Pecenongan, Jalan Pangeran Antasari, Tanjung Agung, Bandar Lampung, Lampung, Sumatra, 35227, Indonesia",-5.407424,105.273811,img_43_Martabak-Pecenongan.jpeg
RM Sei Sapi Nyapi,"RM Sei Sapi Nyapi, Jalan Pangeran Antasari, Tanjung Baru, Bandar Lampung, Lampung, Sumatra, 35227, Indonesia",-5.401567,105.283535,img_44_RM-Sei-Sapi-Nyapi.jpg
Pecel Lele Pak Pon,"Pecel Lele Pak Pon, Jalan Pangeran Antasari, Tanjung Baru, Bandar Lampung, Lampung, Sumatra, 35227, Indonesia",-5.399203,105.287636,img_45_Pecel-Lele-Pak-Pon.jpg
Rumah Kayu Resto,"Rumah Kayu Resto, Jalan Arif Rahman Hakim, Kalibalau Kencana, Bandar Lampung, Lampung, Sumatra, 35133, Indonesia",-5.393292,105.281137,img_46_Rumah-Kayu-Resto.jpg
Sambal Pecak Bang Ucok,"Sambal Pecak Bang Ucok, Jalan Arif Rahman Hakim, Kalibalau Kencana, Bandar Lampung, Lampung, Sumatra, 35133, Indonesia",-5.39443,105.281601,img_47_Sambal-Pecak-Bang-Ucok.jpg
Kuliner Jogya La Rose,"Kuliner Jogya La Rose, Jalan Arif Rahman Hakim, Kalibalau Kencana, Bandar Lampung, Lampung, Sumatra, 35133, Indonesia",-5.39464,105.281607,img_48_Kuliner-Jogya-La-Rose.jpeg
Mie Kolong Urip,"Mie Kolong Urip, Jalan Urip Sumoharjo, Kalibalau Kencana, Bandar Lampung, Lampung, Sumatra, 35133, Indonesia",-5.391757,105.28077,img_49_Mie-Kolong-Urip.jpg
Sate Bontet,"Sate Bontet, Jalan Teru, Kalibalau Kencana, Bandar Lampung, Lampung, Sumatra, 35133, Indonesia",-5.390511,105.281564,img_50_Sate-Bontet.jpg
Rumah Bakso,"Rumah Bakso, Jalan Arif Rahman Hakim, Kalibalau Kencana, Bandar Lampung, Lampung, Sumatra, 35133, Indonesia",-5.392542,105.281221,img_51_Rumah-Bakso.jpg
RM Mbok Wito,"RM Mbok Wito, Jalan Akasia, Kalibalau Kencana, Bandar Lampung, Lampung, Sumatra, 35133, Indonesia",-5.386624,105.281485,img_52_RM-Mbok-Wito.jpg
Restoran Garuda,"Restoran Garuda, Jalan Cut Nyak Dhien, Durian Payung, Bandar Lampung, Lampung, Sumatra, 35119, Indonesia",-5.418866,105.252739,img_53_Restoran-Garuda.jpg
Mie Bandar Lampung,"Mie Bandar Lampung, Jalan Pangkal Pinang, Durian Payung, Bandar Lampung, Lampung, Sumatra, 35121, Indonesia",-5.411449,105.257548,img_54_Mie-Bandar-Lampung.jpg
Warunk Upnormal,Kartini,-5.419749,105.252955,img_55_Warunk-Upnormal.jpg
Suko Restauran,"Suko Restauran, Jalan Pelanduk, Surabaya, Bandar Lampung, Lampung, Sumatra, 35132, Indonesia",-5.393711,105.261676,img_56_Suko-Restauran.jpg
Karimata Resto,"Karimata Resto, Gang Karya I, Gunung Sari, Bandar Lampung, Lampung, Sumatra, 35121, Indonesia",-5.406412,105.258762,img_57_Karimata-Resto.jpg
Uduk Toha,"Uduk Toha, Jalan Kartini, Durian Payung, Bandar Lampung, Lampung, Sumatra, 35121, Indonesia",-5.411855,105.256347,img_58_Uduk-Toha.jpg
Sakim Putra,"Sakim Putra, Jalan Teuku Umar, Surabaya, Bandar Lampung, Lampung, Sumatra, 35132, Indonesia",-5.390212,105.261775,img_59_Sakim-Putra.jpg
Angkringan Mbah Warno,"Angkringan Mbah Warno, Jalan Darussalam, Surabaya, Bandar Lampung, Lampung, Sumatra, 35136, Indonesia",-5.394036,105.262088,img_60_Angkringan-Mbah-Warno.jpg
Mie Ayam Koga,"Mie Ayam Koga, Jalan Teuku Umar, Surabaya, Bandar Lampung, Lampung, Sumatra, 35132, Indonesia",-5.393052,105.262175,img_61_Mie-Ayam-Koga.jpg
Pempek 123,"Pempek 123, Jalan Teuku Umar, Penengahan, Bandar Lampung, Lampung, Sumatra, 35125, Indonesia",-5.39846,105.261129,img_62_Pempek-123.png
Ramen Meledak,"Ramen Meledak, Jalan Badak, Penengahan, Bandar Lampung, Lampung, Sumatra, 35112, Indonesia",-5.396195,105.261398,img_63_Ramen-Meledak.jpg
Bakmi Goreng Teroris,"Bakmi Goreng Teroris, Jalan Pelanduk, Surabaya, Bandar Lampung, Lampung, Sumatra, 35132, Indonesia",-5.39346,105.261674,img_64_Bakmi-Goreng-Teroris.jpg
Mie Surabaya,"Mie Surabaya, Jalan Danau Tondano, Surabaya, Bandar Lampung, Lampung, Sumatra, 35136, Indonesia",-5.393497,105.262091,img_65_Mie-Surabaya.jpeg
Golden Dragon Resto,"Golden Dragon Resto, Jalan Yos Soedarso, Sukaraja, Bandar Lampung, Lampung, Sumatra, 35245, Indonesia",-5.445481,105.291454,img_66_Golden-Dragon-Resto.jpg
Dimsum Sambel Mercon,"Dimsum Sambel Mercon, Jalan Profesor Mr. Haji Muhammad Yamin, Rawa Laut, Bandar Lampung, Lampung, Sumatra, 35127, Indonesia",-5.420932,105.266895,img_67_Dimsum-Sambel-Mercon.jpg
De Flo Pudding,"De Flo Pudding, Jalan Wijaya Kesuma, Tanjung Raya, Bandar Lampung, Lampung, Sumatra, 35213, Indonesia",-5.422291,105.266783,img_68_De-Flo-Pudding.PNG
Warung Ala Hotel,"Warung Ala Hotel, Jalan Aziz Cindar Bumi, Durian Payung, Bandar Lampung, Lampung, Sumatra, 35119, Indonesia",-5.421184,105.257491,img_69_Warung-Ala-Hotel.jpeg
Lobster Cup,"Lobster Cup, Jalan Hos Cokroaminoto, Enggal, Bandar Lampung, Lampung, Sumatra, 35127, Indonesia",-5.41886,105.261688,img_70_Lobster-Cup.jpg
Bubur Sumsum,"Bubur Sumsum, Jalan Ahmad Yani, Durian Payung, Bandar Lampung, Lampung, Sumatra, 35119, Indonesia",-5.421784,105.254365,img_71_Bubur-Sumsum.jpg
Bakso Sultan,"Bakso Sultan, Jalan Robert Walter Monginsidi, Durian Payung, Bandar Lampung, Lampung, Sumatra, 35119, Indonesia",-5.423414,105.251799,img_72_Bakso-Sultan.jpeg
Telur GulungHits,"Telur GulungHits, Jalan Ratu Dipuncak, Durian Payung, Bandar Lampung, Lampung, Sumatra, 35119, Indonesia",-5.420625,105.247145,img_73_Telur-GulungHits.jpg
La Cuisine Bandar Lampung,"La Cuisine Bandar Lampung, Jalan Kemuning I, Tanjung Raya, Bandar Lampung, Lampung, Sumatra, 35213, Indonesia",-5.423327,105.266723,img_74_La-Cuisine-Bandar-Lampung.jpg
Hello Food,"Hello Food, Jalan Profesor Mr. Haji Muhammad Yamin, Pahoman, Bandar Lampung, Lampung, Sumatra, 35213, Indonesia",-5.42351,105.266076,img_75_Hello-Food.jpg
DeFlo Pudding,"DeFlo Pudding, Jalan Profesor Mr. Haji Muhammad Yamin, Rawa Laut, Bandar Lampung, Lampung, Sumatra, 35127, Indonesia",-5.421781,105.266824,img_76_DeFlo-Pudding.jpeg
Bakso Soni,"Bakso Soni, Cut Nyak Dhien, Kaliawi, Bandar Lampung, Lampung, Sumatra, 35119, Indonesia",-5.412799,105.246974,img_77_Bakso-Soni.jpg
Anyep Tah,"Anyep Tah, Jalan Siswondo Parman, Durian Payung, Bandar Lampung, Lampung, Sumatra, 35119, Indonesia",-5.419619,105.254103,img_78_Anyep-Tah.jpg
Wartalk.Id,"Wartalk.Id, Jalan Karel Satsuit Tubun, Enggal, Bandar Lampung, Lampung, Sumatra, 35127, Indonesia",-5.419591,105.261278,img_79_Wartalk-Id.jpg
Pecel Lele Palapa,"Pecel Lele Palapa, Jalan Durian 2, Durian Payung, Bandar Lampung, Lampung, Sumatra, 35119, Indonesia",-5.421608,105.247622,img_80_Pecel-Lele-Palapa.jpg
Nasi Goreng Mamak,"Nasi Goreng Mamak, Jalan Beruang, Sukamenanti, Bandar Lampung, Lampung, Sumatra, 35123, Indonesia",-5.394381,105.249109,img_81_Nasi-Goreng-Mamak.jpg
Sendok Mas,"Sendok Mas, Jalan Ahmad Yani, Durian Payung, Bandar Lampung, Lampung, Sumatra, 35214, Indonesia",-5.421745,105.256006,img_82_Sendok-Mas.jpg
Pizza Hut,"Pizza Hut, Jalan Raden Intan, Durian Payung, Bandar Lampung, Lampung, Sumatra, 35119, Indonesia",-5.419239,105.258058,img_83_Pizza-Hut.jpg
D'KUALI,"D'KUALI, Jalan Karel Satsuit Tubun, Rawa Laut, Bandar Lampung, Lampung, Sumatra, 35127, Indonesia",-5.420173,105.2634,img_84_D-KUALI.jpg
Kobar Lampung,"Kobar Lampung, Jalan Ahmad Yani, Durian Payung, Bandar Lampung, Lampung, Sumatra, 35214, Indonesia",-5.42152,105.255333,img_85_Kobar-Lampung.jpg
Rizky 99,"Rizky 99, Jalan Raden Intan, Durian Payung, Bandar Lampung, Lampung, Sumatra, 35119, Indonesia",-5.417725,105.258146,img_86_Rizky-99.jpg
Pecel Lele Mbak Yul,"Pecel Lele Mbak Yul, Jalan Raden Intan, Durian Payung, Bandar Lampung, Lampung, Sumatra, 35119, Indonesia",-5.419679,105.258372,img_87_Pecel-Lele-Mbak-Yul.jpg
Eze Steak and Resto,"Eze Steak and Resto, Jalan Tulang Bawang, Enggal, Bandar Lampung, Lampung, Sumatra, 35127, Indonesia",-5.417439,105.258717,img_88_Eze-Steak-and-Resto.jpg
Bakso Jono,"Bakso Jono, Gang Anggrek III, Sawah Brebes, Bandar Lampung, Lampung, Sumatra, 35123, Indonesia",-5.397885,105.251074,img_89_Bakso-Jono.png
Oemah Mie,"Oemah Mie, Jalan Tulang Bawang, Enggal, Bandar Lampung, Lampung, Sumatra, 35127, Indonesia",-5.417852,105.259249,img_90_Oemah-Mie.jpg
Mie Lampung II,"Mie Lampung II, Jalan Raden Intan, Durian Payung, Bandar Lampung, Lampung, Sumatra, 35119, Indonesia",-5.420602,105.258479,img_91_Mie-Lampung-II.jpg
Ayam Jerit Lampung,"Ayam Jerit Lampung, Jalan Siswondo Parman, Durian Payung, Bandar Lampung, Lampung, Sumatra, 35119, Indonesia",-5.419739,105.258092,img_92_Ayam-Jerit-Lampung.jpg
Bubur Ayam Cirebon,"Bubur Ayam Cirebon, Jalan Siswondo Parman, Durian Payung, Bandar Lampung, Lampung, Sumatra, 35119, Indonesia",-5.419617,105.25345,img_93_Bubur-Ayam-Cirebon.jpg
Ayam Geprek Mbah Janah,"Ayam Geprek Mbah Janah, Jalan Sisingamangaraja, Gedong Air, Bandar Lampung, Lampung, Sumatra, 35151, Indonesia",-5.406386,105.241014,img_94_Ayam-Geprek-Mbah-Janah.jpg
Rosemary Steak,"Rosemary Steak, Jalan Ade Irma Suryani, Durian Payung, Bandar Lampung, Lampung, Sumatra, 35119, Indonesia",-5.420749,105.253792,img_95_Rosemary-Steak.jpg
Gultik Persit,"Gultik Persit, Jalan Ahmad Yani, Durian Payung, Bandar Lampung, Lampung, Sumatra, 35119, Indonesia",-5.42114,105.253789,img_96_Gultik-Persit.jpg
Sate Madura Cak Ian,"Sate Madura Cak Ian, Gang Jaya Antara, Kaliawi, Bandar Lampung, Lampung, Sumatra, 35119, Indonesia",-5.411825,105.245567,img_97_Sate-Madura-Cak-Ian.jpg
Soto Darusallam,"Soto Darusallam, Jalan Sisingamangaraja, Gedong Air, Bandar Lampung, Lampung, Sumatra, 35119, Indonesia",-5.407575,105.242196,img_98_Soto-Darusallam.jpeg
Waroenk Kita,"Waroenk Kita, Jalan Ade Irma Suryani, Durian Payung, Bandar Lampung, Lampung, Sumatra, 35119, Indonesia",-5.420577,105.253537,img_99_Waroenk-Kita.jpg
New Martabak POP,"New Martabak POP, Cut Nyak Dhien, Kaliawi, Bandar Lampung, Lampung, Sumatra, 35119, Indonesia",-5.416356,105.246754,img_100_New-Martabak-POP.jpg
Mbok Wito Palapa,"Mbok Wito Palapa, Jalan Pangeran Emir Muhammad Noer, Palapa, Bandar Lampung, Lampung, Sumatra, 35119, Indonesia",-5.425121,105.246686,img_101_Mbok-Wito-Palapa.jpg
Soto Lamongan,"Soto Lamongan, Jalan Sisingamangaraja, Kaliawi, Bandar Lampung, Lampung, Sumatra, 35119, Indonesia",-5.412198,105.245623,img_102_Soto-Lamongan.jpg
Palapa Mie,"Palapa Mie, Jalan Pangeran Emir Muhammad Noer, Palapa, Bandar Lampung, Lampung, Sumatra, 35119, Indonesia",-5.419874,105.246546,img_103_Palapa-Mie.jpg
Warung Nasi Gambreng,"Warung Nasi Gambreng, Gang Bukit, Kaliawi, Bandar Lampung, Lampung, Sumatra, 35119, Indonesia",-5.40869,105.244164,img_104_Warung-Nasi-Gambreng.jpg
RM Budi Rahayu,"RM Budi Rahayu, Jalan Raden Saleh, Palapa, Bandar Lampung, Lampung, Sumatra, 35119, Indonesia",-5.424839,105.251335,img_105_RM-Budi-Rahayu.jpg
Kang Eno Pecel Lele,"Kang Eno Pecel Lele, Cut Nyak Dhien, Kaliawi, Bandar Lampung, Lampung, Sumatra, 35119, Indonesia",-5.414837,105.246999,img_106_Kang-Eno-Pecel-Lele.jpg
Bakso Son Haji 1,"Bakso Son Haji 1, Jalan Robert Walter Monginsidi, Durian Payung, Bandar Lampung, Lampung, Sumatra, 35119, Indonesia",-5.423361,105.25144,img_107_Bakso-Son-Haji-1.jpg
Warung Bakso,"Warung Bakso, Jalan Sam Ratulangi, Sawah Brebes, Bandar Lampung, Lampung, Sumatra, 35112, Indonesia",-5.399644,105.253613,img_108_Warung-Bakso.jpg
Nasi Uduk Sore,"Nasi Uduk Sore, Jalan Sam Ratulangi, Sawah Brebes, Bandar Lampung, Lampung, Sumatra, 35112, Indonesia",-5.398614,105.251817,img_109_Nasi-Uduk-Sore.jpg
Mbok Jum Bumi Waras,"Mbok Jum Bumi Waras, Jalan Raden Saleh, Palapa, Bandar Lampung, Lampung, Sumatra, 35119, Indonesia",-5.424736,105.250782,img_110_Mbok-Jum-Bumi-Waras.jpg
Warung Mas Agus,"Warung Mas Agus, Cut Nyak Dhien, Kaliawi, Bandar Lampung, Lampung, Sumatra, 35119, Indonesia",-5.413945,105.246435,img_111_Warung-Mas-Agus.jpg
Pindang Riu,"Pindang Riu, Jalan Raden Saleh, Palapa, Bandar Lampung, Lampung, Sumatra, 35119, Indonesia",-5.425828,105.247173,img_112_Pindang-Riu.png
Pempek Wong Kito,"Pempek Wong Kito, Jalan Sultan Badaruddin, Gedong Air, Bandar Lampung, Lampung, Sumatra, 35151, Indonesia",-5.4051,105.239202,img_113_Pempek-Wong-Kito.jpg
Soto Lamongan Cak Noto,"Soto Lamongan Cak Noto, Gang Rama, Gedong Air, Bandar Lampung, Lampung, Sumatra, 35123, Indonesia",-5.396248,105.249466,img_114_Soto-Lamongan-Cak-Noto.jpg
Kepiting Nyeblak,"Kepiting Nyeblak, Jalan Pangeran Emir Muhammad Noer, Palapa, Tanjung Karang Barat, Lampung, Sumatra, 35119, Indonesia",-5.420061,105.247114,img_115_Kepiting-Nyeblak.jpg
Bakso Marem,"Bakso Marem, Cut Nyak Dhien, Kaliawi, Bandar Lampung, Lampung, Sumatra, 35119, Indonesia",-5.413515,105.24696,img_116_Bakso-Marem.jpg
Pempek Betty,"Pempek Betty, Jalan Ikan Sebelah, Teluk Betung, Bandar Lampung, Lampung, Sumatra, 34223, Indonesia",-5.451287,105.259043,img_117_Pempek-Betty.jpg
Bakul Panganan,"Bakul Panganan, Jalan Panglima Polim, Segala Mider, Bandar Lampung, Lampung, Sumatra, 35123, Indonesia",-5.395062,105.249069,img_118_Bakul-Panganan.jpg
Bsreng Bandung,"Bsreng Bandung, Jalan Panglima Polim, Segala Mider, Bandar Lampung, Lampung, Sumatra, 35123, Indonesia",-5.396333,105.249335,img_119_Bsreng-Bandung.jpg
Sate Obong Tomyan,"Sate Obong Tomyan, Jalan Kepodang, Kelapa Tiga, Bandar Lampung, Lampung, Sumatra, 35151, Indonesia",-5.404726,105.238794,img_120_Sate-Obong-Tomyan.jpeg
Geprek Paksu,"Geprek Paksu, Gang Ar-Rahmah, Gedong Air, Bandar Lampung, Lampung, Sumatra, 35119, Indonesia",-5.408255,105.243,img_121_Geprek-Paksu.jpg
Angkringan Sego,"Angkringan Sego, Jalan Sam Ratulangi, Sawah Brebes, Bandar Lampung, Lampung, Sumatra, 35112, Indonesia",-5.398099,105.25129,img_122_Angkringan-Sego.jpg
Bubur Ayam Pak Mulyadi,"Bubur Ayam Pak Mulyadi, Jalan Panglima Polim, Segala Mider, Bandar Lampung, Lampung, Sumatra, 35123, Indonesia",-5.394174,105.249019,img_123_Bubur-Ayam-Pak-Mulyadi.jpeg
Mie Tektek Mang Lien,"Mie Tektek Mang Lien, Jalan Panglima Polim, Segala Mider, Bandar Lampung, Lampung, Sumatra, 35123, Indonesia",-5.392433,105.249082,img_124_Mie-Tektek-Mang-Lien.jpg
RM Bu Siti,"RM Bu Siti, Jalan Pangeran Emir Muhammad Noer, Palapa, Bandar Lampung, Lampung, Sumatra, 35119, Indonesia",-5.426755,105.245726,img_125_RM-Bu-Siti.jpg
Mie Ayam Es Dugan,"Mie Ayam Es Dugan, Jalan Pangeran Emir Muhammad Noer, Palapa, Bandar Lampung, Lampung, Sumatra, 35119, Indonesia",-5.427363,105.245517,img_126_Mie-Ayam-Es-Dugan.jpg
Swinger.Id,"Swinger.Id, Jalan Panglima Polim, Segala Mider, Bandar Lampung, Lampung, Sumatra, 35123, Indonesia",-5.392269,105.24958,img_127_Swinger-Id.png
Pempek Cik Da,"Pempek Cik Da, Jalan Pangeran Emir Muhammad Noer, Palapa, Bandar Lampung, Lampung, Sumatra, 35401, Indonesia",-5.433345,105.249894,img_128_Pempek-Cik-Da.jpg
Dimas Catering,"Dimas Catering, Jalan Basuki Rahmat, Sumur Batu, Bandar Lampung, Lampung, Sumatra, 35401, Indonesia",-5.44063,105.25516,img_129_Dimas-Catering.jpg
Bakso Latief,"Bakso Latief, Jalan Laksamana R.E. Martadinata, Teluk Betung, Bandar Lampung, Lampung, Sumatra, 34223, Indonesia",-5.453203,105.257167,img_130_Bakso-Latief.jpg
Nasi Goreng Jamur Iyus,"Nasi Goreng Jamur Iyus, Jalan Pangeran Emir Muhammad Noer, Palapa, Bandar Lampung, Lampung, Sumatra, 35119, Indonesia",-5.426811,105.245496,img_131_Nasi-Goreng-Jamur-Iyus.jpeg
Bubur Ayam Priyangan,"Bubur Ayam Priyangan, Jalan Laksamana R.E. Martadinata, Teluk Betung, Bandar Lampung, Lampung, Sumatra, 34223, Indonesia",-5.451158,105.258283,img_132_Bubur-Ayam-Priyangan.jpeg
Mie Ayam Baso Bandung,"Mie Ayam Baso Bandung, Jalan Laksamana R.E. Martadinata, Teluk Betung, Bandar Lampung, Lampung, Sumatra, 34223, Indonesia",-5.451063,105.257113,img_133_Mie-Ayam-Baso-Bandung.jpg
Dapur Wong Kito Nian,"Dapur Wong Kito Nian, Gang Laksama, Palapa, Bandar Lampung, Lampung, Sumatra, 35221, Indonesia",-5.427445,105.24529,img_134_Dapur-Wong-Kito-Nian.jpg
Kugikui Korean BBQ,"Kugikui Korean BBQ, Jalan Dokter Setia Budi, Gunung Mas, Bandar Lampung, Lampung, Sumatra, 35401, Indonesia",-5.444927,105.255805,img_135_Kugikui-Korean-BBQ.jpeg
Nasi Padang Mak Buyung,"Nasi Padang Mak Buyung, Jalan Basuki Rahmat, Sumur Batu, Bandar Lampung, Lampung, Sumatra, 35401, Indonesia",-5.435496,105.251792,img_136_Nasi-Padang-Mak-Buyung.jpeg
Bakmi Ayam Manise,"Bakmi Ayam Manise, Jalan Laksamana R.E. Martadinata, Teluk Betung, Bandar Lampung, Lampung, Sumatra, 34223, Indonesia",-5.450849,105.258602,img_137_Bakmi-Ayam-Manise.jpg
Warung Nasi Pojok Camar,"Warung Nasi Pojok Camar, Jalan Pangeran Emir Muhammad Noer, Palapa, Bandar Lampung, Lampung, Sumatra, 35401, Indonesia",-5.431159,105.24722,img_138_Warung-Nasi-Pojok-Camar.jpg
Ayam Bakar Si Jun,"Ayam Bakar Si Jun, Gang Perkutut, Gulak Galik, Bandar Lampung, Lampung, Sumatra, 35401, Indonesia",-5.433143,105.249218,img_139_Ayam-Bakar-Si-Jun.jpeg
RM Pondok Emak,"RM Pondok Emak, Jalan Basuki Rahmat, Sumur Batu, Bandar Lampung, Lampung, Sumatra, 35401, Indonesia",-5.438282,105.252911,img_140_RM-Pondok-Emak.jpg
Mie Ayam DD,"Mie Ayam DD, Jalan Dokter Setiabudi, Gunung Mas, Bandar Lampung, Lampung, Sumatra, 34223, Indonesia",-5.446911,105.255825,img_141_Mie-Ayam-DD.jpg
Eiji Bento,"Eiji Bento, Jalan Basuki Rahmat, Sumur Batu, Bandar Lampung, Lampung, Sumatra, 35401, Indonesia",-5.436415,105.252148,img_142_Eiji-Bento.jpeg
Ayam Gerpek Kenzie,"Ayam Gerpek Kenzie, Jalan Katu 2, Gunung Mas, Bandar Lampung, Lampung, Sumatra, 35223, Indonesia",-5.451914,105.256102,img_143_Ayam-Gerpek-Kenzie.jpeg
RM Purnama,"RM Purnama, Jalan Mr. Moch Roem, Sumur Batu, Bandar Lampung, Lampung, Sumatra, 35401, Indonesia",-5.43771,105.252855,img_144_RM-Purnama.jpg
Bubur Selera Nisantara,"Bubur Selera Nisantara, Jalan WR Supratman, Gunung Mas, Bandar Lampung, Lampung, Sumatra, 34223, Indonesia",-5.444974,105.256205,img_145_Bubur-Selera-Nisantara.jpg
RM Tuah Sakato,"RM Tuah Sakato, Jalan Ikan Tenggiri, Teluk Betung, Bandar Lampung, Lampung, Sumatra, 34223, Indonesia",-5.451138,105.261546,img_146_RM-Tuah-Sakato.jpeg
Dapur Septi,"Dapur Septi, Jalan Teluk Bone, Teluk Betung, Bandar Lampung, Lampung, Sumatra, 34223, Indonesia",-5.453607,105.258689,img_147_Dapur-Septi.jpg
Bakso Son Haji V,"Bakso Son Haji V, Jalan Katu 2, Teluk Betung, Bandar Lampung, Lampung, Sumatra, 35223, Indonesia",-5.454442,105.256483,img_148_Bakso-Son-Haji-V.jpg
Ayam Geprek Abi,"Ayam Geprek Abi, Jalan Dokter Setia Budi, Gunung Mas, Bandar Lampung, Lampung, Sumatra, 35401, Indonesia",-5.446345,105.255659,img_149_Ayam-Geprek-Abi.jpg
Mie Ayam Bakso Pasar Ambon,"Mie Ayam Bakso Pasar Ambon, Jalan Ikan Sebelah, Teluk Betung, Bandar Lampung, Lampung, Sumatra, 34223, Indonesia",-5.450999,105.258928,img_150_Mie-Ayam-Bakso-Pasar-Ambon.jpg
Mie Ayam Mas Pur,"Mie Ayam Mas Pur, Jalan Ikan Tongkol, Teluk Betung, Bandar Lampung, Lampung, Sumatra, 34223, Indonesia",-5.447685,105.262414,img_151_Mie-Ayam-Mas-Pur.jpg
Warteg Bahari,"Warteg Bahari, Jalan Laksamana R.E. Martadinata, Teluk Betung, Bandar Lampung, Lampung, Sumatra, 34223, Indonesia",-5.451457,105.261769,img_152_Warteg-Bahari.webp
Mie Ayam Surya,"Mie Ayam Surya, Jalan Laksamana R.E. Martadinata, Teluk Betung, Bandar Lampung, Lampung, Sumatra, 34223, Indonesia",-5.451025,105.260562,img_153_Mie-Ayam-Surya.jpg
Warung Sopo Sapi,"Warung Sopo Sapi, Jalan Teluk Bone, Teluk Betung, Bandar Lampung, Lampung, Sumatra, 34223, Indonesia",-5.453586,105.258267,img_154_Warung-Sopo-Sapi.jpg
WR Ibu Mudin,"WR Ibu Mudin, Jalan Ikan Bawal, Kupang Raya, Bandar Lampung, Lampung, Sumatra, 34223, Indonesia",-5.446253,105.26322,img_155_WR-Ibu-Mudin.png
RM Sederhana,"RM Sederhana, Jalan Basuki Rahmat, Sumur Batu, Bandar Lampung, Lampung, Sumatra, 35401, Indonesia",-5.44335,105.255532,img_156_RM-Sederhana.jpg
Pisang Ijo Daeng Firqon,"Pisang Ijo Daeng Firqon, Jalan Teluk Bone, Teluk Betung, Bandar Lampung, Lampung, Sumatra, 34223, Indonesia",-5.453862,105.258611,img_157_Pisang-Ijo-Daeng-Firqon.jpeg
Ayam Bakar Mas Gendut,"Ayam Bakar Mas Gendut, Jalan Katu 2, Kangkung, Bandar Lampung, Lampung, Sumatra, 35223, Indonesia",-5.456198,105.254924,img_158_Ayam-Bakar-Mas-Gendut.jpeg
Pawon Aa Nay,"Pawon Aa Nay, Jalan Laksamana R.E. Martadinata, Teluk Betung, Bandar Lampung, Lampung, Sumatra, 34223, Indonesia",-5.451016,105.257311,img_159_Pawon-Aa-Nay.jpg
Rm Uni Yus,"Rm Uni Yus, Jalan Laksamana R.E. Martadhinata, Teluk Betung, Bandar Lampung, Lampung, Sumatra, 34223, Indonesia",-5.45397,105.25753,img_160_Rm-Uni-Yus.webp
RM Uni Yanti,"RM Uni Yanti, Jalan Laksamana R.E. Martadinata, Teluk Betung, Bandar Lampung, Lampung, Sumatra, 34223, Indonesia",-5.452943,105.256896,img_161_RM-Uni-Yanti.jpg
Mie Ayam Bakso Dodok,"Mie Ayam Bakso Dodok, Jalan Laksamana R.E. Martadhinata, Teluk Betung, Bandar Lampung, Lampung, Sumatra, 35223, Indonesia",-5.454336,105.256834,img_162_Mie-Ayam-Bakso-Dodok.jpg
Mie Alvin,"Mie Alvin, Jalan Laksamana Malahayati, Teluk Betung, Bandar Lampung, Lampung, Sumatra, 34223, Indonesia",-5.449028,105.262161,img_163_Mie-Alvin.jpg
Jimbawe Pulu pulu,"Jimbawe Pulu pulu, Jalan Katu 2, Teluk Betung, Bandar Lampung, Lampung, Sumatra, 35223, Indonesia",-5.454756,105.256427,img_164_Jimbawe-Pulu-pulu.jpg
RM Koharu Japannese Food,"RM Koharu Japannese Food, Jalan Ikan Tenggiri, Teluk Betung, Bandar Lampung, Lampung, Sumatra, 34223, Indonesia",-5.448383,105.262123,img_165_RM-Koharu-Japannese-Food.jpg
Mie Ayam Bakso Kiaten,"Mie Ayam Bakso Kiaten, Jalan Ikan Tenggiri, Teluk Betung, Bandar Lampung, Lampung, Sumatra, 34223, Indonesia",-5.451003,105.261818,img_166_Mie-Ayam-Bakso-Kiaten.jpg
Er Mbak Nina,"Er Mbak Nina, Jalan Ikan Bawal, Kupang Raya, Bandar Lampung, Lampung, Sumatra, 34223, Indonesia",-5.446237,105.263302,img_167_Er-Mbak-Nina.JPG
Bakso Upil,"Bakso Upil, Jalan Ikan Tenggiri, Teluk Betung, Bandar Lampung, Lampung, Sumatra, 34223, Indonesia",-5.447004,105.262257,img_168_Bakso-Upil.jpeg
Ayam Surya,"Ayam Surya, Jalan Ikan Tenggiri, Teluk Betung, Bandar Lampung, Lampung, Sumatra, 34223, Indonesia",-5.446847,105.262255,img_169_Ayam-Surya.jpg
El's Coffee Roastery,"El's Coffee Roastery, Jalan Bypass Sukarno Hatta, Tanjung Baru, Bandar Lampung, Lampung, Sumatra, 35133, Indonesia",-5.393828,105.288747,img_170_El-s-Coffee-Roastery.JPG
Soto Ayam Lamongan,"Soto Ayam Lamongan, Jalan Bypass Sukarno Hatta, Sukarame, Bandar Lampung, Lampung, Sumatra, 35133, Indonesia",-5.395807,105.289654,img_171_Soto-Ayam-Lamongan.jpg
Rumah Makan Kusumo Ayu II,"Rumah Makan Kusumo Ayu II, Jalan Bypass Sukarno Hatta, Kalibalau Kencana, Bandar Lampung, Lampung, Sumatra, 35133, Indonesia",-5.387984,105.287831,img_172_Rumah-Makan-Kusumo-Ayu-II.jpg
Rumah Makan Sarang Seafood,"Rumah Makan Sarang Seafood, Jalan Endro Suratmin, Kalibalau Kencana, Bandar Lampung, Lampung, Sumatra, 35133, Indonesia",-5.387201,105.291585,img_173_Rumah-Makan-Sarang-Seafood.png
El's Coffee Roastery,"El's Coffee Roastery, Jalan Bypass Sukarno Hatta, Tanjung Baru, Bandar Lampung, Lampung, Sumatra, 35133, Indonesia",-5.393329,105.288732,img_174_El-s-Coffee-Roastery.JPG
Pondok Sate Sutan Mudo,"Pondok Sate Sutan Mudo, Gang Waru IV, Sukabumi Indah, Bandar Lampung, Lampung, Sumatra, 35133, Indonesia",-5.395886,105.290125,img_175_Pondok-Sate-Sutan-Mudo.jpg
Nasi Uduk Mama Fina,"Nasi Uduk Mama Fina, Jalan Wiratama, Sukabumi Indah, Bandar Lampung, Lampung, Sumatra, 35133, Indonesia",-5.393992,105.290163,img_176_Nasi-Uduk-Mama-Fina.jpg
Nasi Uduk Hendri,"Nasi Uduk Hendri, Jalan Bypass Sukarno Hatta, Tanjung Baru, Bandar Lampung, Lampung, Sumatra, 35133, Indonesia",-5.396174,105.289275,img_177_Nasi-Uduk-Hendri.jpg
Warung Sehabat,"Warung Sehabat, Jalan Bypass Sukarno Hatta, Tanjung Baru, Bandar Lampung, Lampung, Sumatra, 35133, Indonesia",-5.393862,105.289408,img_178_Warung-Sehabat.jpg
Warung Sate Madura,"Warung Sate Madura, Jalan Urip Sumoharjo, Kalibalau Kencana, Bandar Lampung, Lampung, Sumatra, 35133, Indonesia",-5.38997,105.287858,img_179_Warung-Sate-Madura.jpg
Rumah Makan Abah Roh,"Rumah Makan Abah Roh, Gang Urip Sentosa I, Kalibalau Kencana, Bandar Lampung, Lampung, Sumatra, 35133, Indonesia",-5.386186,105.2898,img_180_Rumah-Makan-Abah-Roh.jpg
Mie Tektek Oerip,"Mie Tektek Oerip, Jalan Urip Sumoharjo, Kalibalau Kencana, Bandar Lampung, Lampung, Sumatra, 35133, Indonesia",-5.390501,105.286585,img_181_Mie-Tektek-Oerip.jpg
Ayam Penyet Ria,"Ayam Penyet Ria, Jalan Urip Sumoharjo, Kalibalau Kencana, Bandar Lampung, Lampung, Sumatra, 35133, Indonesia",-5.391566,105.285824,img_182_Ayam-Penyet-Ria.jpg
Mie Ayam Majalengka,"Mie Ayam Majalengka, Jalan Ikan Jelabat, Bumi Waras, Bandar Lampung, Lampung, Sumatra, 35211, Indonesia",-5.444598,105.270292,img_183_Mie-Ayam-Majalengka.png
Kantin Pepes Che Nia,"Kantin Pepes Che Nia, Jalan Hasanuddin, Kupang Raya, Bandar Lampung, Lampung, Sumatra, 35211, Indonesia",-5.44126,105.266003,img_184_Kantin-Pepes-Che-Nia.jpg
Bakso Remaja,"Bakso Remaja, Hasanuddin, Bumi Waras, Bandar Lampung, Lampung, Sumatra, 35211, Indonesia",-5.446979,105.270027,img_185_Bakso-Remaja.jpg
Rumah Makan Hoki,"Rumah Makan Hoki, Jalan Mayor Salim Batubara, Pecoh Raya, Bandar Lampung, Lampung, Sumatra, 35211, Indonesia",-5.443507,105.273073,img_186_Rumah-Makan-Hoki.jpg
Mie Celor Nasi Kuning Wong Kito,"Mie Celor Nasi Kuning Wong Kito, Jalan Cumi-Cumi, Bumi Waras, Bandar Lampung, Lampung, Sumatra, 35211, Indonesia",-5.444331,105.271042,img_187_Mie-Celor-Nasi-Kuning-Wong-Kito.jpeg
Pempek 40,"Pempek 40, Gang Dahlia, Kupang Raya, Bandar Lampung, Lampung, Sumatra, 35211, Indonesia",-5.439687,105.268201,img_188_Pempek-40.jpg
Radja Sop Durian,"Radja Sop Durian, Jalan Hasanuddin, Kupang Raya, Bandar Lampung, Lampung, Sumatra, 35211, Indonesia",-5.442419,105.266969,img_189_Radja-Sop-Durian.jpg
Pempek Pak Saleh,"Pempek Pak Saleh, Jalan Hasanuddin, Kupang Raya, Bandar Lampung, Lampung, Sumatra, 35211, Indonesia",-5.441727,105.2667,img_190_Pempek-Pak-Saleh.jpg
Bakso Bakar AHDA,"Bakso Bakar AHDA, Jalan Hasanuddin, Kupang Raya, Bandar Lampung, Lampung, Sumatra, 35211, Indonesia",-5.440153,105.26603,img_191_Bakso-Bakar-AHDA.jpg
Soto Mas No,"Soto Mas No, Hasanuddin, Bumi Waras, Bandar Lampung, Lampung, Sumatra, 35211, Indonesia",-5.445685,105.26993,img_192_Soto-Mas-No.jpeg
Dang Lupa Masakan Alin,"Dang Lupa Masakan Alin, Hasanuddin, Bumi Waras, Bandar Lampung, Lampung, Sumatra, 35211, Indonesia",-5.44571,105.269641,img_193_Dang-Lupa-Masakan-Alin.png
Nasi Uduk Fathir,"Nasi Uduk Fathir, Jalan Wage Rudolf Supratman, Pecoh Raya, Bandar Lampung, Lampung, Sumatra, 35211, Indonesia",-5.443555,105.271339,img_194_Nasi-Uduk-Fathir.jpg
RM Minang Indah VII,"RM Minang Indah VII, Jalan Yos Soedarso, Sukaraja, Bandar Lampung, Lampung, Sumatra, 35211, Indonesia",-5.445829,105.275139,img_195_RM-Minang-Indah-VII.jpg
Pempek 91,"Pempek 91, Jalan Salim Batubara, Pecoh Raya, Bandar Lampung, Lampung, Sumatra, 35211, Indonesia",-5.439748,105.267942,img_196_Pempek-91.jpg
Rizkitch Bowl,"Rizkitch Bowl, Gang Pancurmas, Pecoh Raya, Bandar Lampung, Lampung, Sumatra, 35211, Indonesia",-5.442688,105.27117,img_197_Rizkitch-Bowl.jpg
Mie Ayam Intan,"Mie Ayam Intan, Jalan Mayor Salim Batubara, Pecoh Raya, Bandar Lampung, Lampung, Sumatra, 35211, Indonesia",-5.442705,105.273103,img_198_Mie-Ayam-Intan.jpg
Sate Jhon,"Sate Jhon, Jalan Salim Batubara, Pecoh Raya, Bandar Lampung, Lampung, Sumatra, 35211, Indonesia",-5.442093,105.272638,img_199_Sate-Jhon.jpeg
Khuai Lok (A PHEN),"Khuai Lok (A PHEN), Jalan Laksamana Malahayati, Bumi Waras, Bandar Lampung, Lampung, Sumatra, 34223, Indonesia",-5.447138,105.270428,img_200_Khuai-Lok-A-PHEN.jpg
Tiga Saudara Sop Kaki Kambing,"Tiga Saudara Sop Kaki Kambing, Hasanuddin, Bumi Waras, Bandar Lampung, Lampung, Sumatra, 35211, Indonesia",-5.44633,105.270095,img_201_Tiga-Saudara-Sop-Kaki-Kambing.jpg
El's Coffee House,"El's Coffee House, Jalan Mayor Salim Batubara, Pecoh Raya, Bandar Lampung, Lampung, Sumatra, 35211, Indonesia",-5.443358,105.272735,img_202_El-s-Coffee-House.JPG
Pempek Selamat,"Pempek Selamat, Jalan Salim Batubara, Pecoh Raya, Bandar Lampung, Lampung, Sumatra, 35211, Indonesia",-5.439837,105.268715,img_203_Pempek-Selamat.jpg
RM Padang Desta,"RM Padang Desta, Jalan Laksamana Malahayati, Bumi Waras, Bandar Lampung, Lampung, Sumatra, 34223, Indonesia",-5.446232,105.271573,img_204_RM-Padang-Desta.jpg
Warung Bu Atun,"Warung Bu Atun, Gang Kantor Pos, Kupang Raya, Bandar Lampung, Lampung, Sumatra, 35211, Indonesia",-5.442649,105.268661,img_205_Warung-Bu-Atun.jpg
Aloy Sekba,"Aloy Sekba, Hasanuddin, Bumi Waras, Bandar Lampung, Lampung, Sumatra, 35211, Indonesia",-5.446548,105.26987,img_206_Aloy-Sekba.jpg
Gedung Seruit LPMP,"Gedung Seruit LPMP, Jalan Way Rarem, Tanjung Gading, Bandar Lampung, Lampung, Sumatra, 35228, Indonesia",-5.430134,105.274167,img_207_Gedung-Seruit-LPMP.jpg
Kampung Kecil Lampung,"Kampung Kecil Lampung, Jalan Gatot Soebroto, Garuntang, Bandar Lampung, Lampung, Sumatra, 35228, Indonesia",-5.428643,105.275406,img_208_Kampung-Kecil-Lampung.jpg
Pempek & Mie,"Pempek & Mie, Jalan Salim Batubara, Pecoh Raya, Bandar Lampung, Lampung, Sumatra, 35211, Indonesia",-5.441617,105.271732,img_209_Pempek-Mie.jpg
Bubur Cirebon,"Bubur Cirebon, Jalan Mayor Salim Batubara, Pecoh Raya, Bandar Lampung, Lampung, Sumatra, 35211, Indonesia",-5.444981,105.273095,img_210_Bubur-Cirebon.jpg
Warung Sop Kaki Sapi,"Warung Sop Kaki Sapi, Jalan Salim Batubara, Pecoh Raya, Bandar Lampung, Lampung, Sumatra, 35211, Indonesia",-5.441712,105.272174,img_211_Warung-Sop-Kaki-Sapi.jpg
Seblak/Mie Ayam Alika,"Seblak/Mie Ayam Alika, Gang Dahlia, Kupang Raya, Bandar Lampung, Lampung, Sumatra, 35211, Indonesia",-5.439771,105.26833,img_212_Seblak-Mie-Ayam-Alika.jpg
RM Way Giham,"RM Way Giham, Jalan Way Giham, Tanjung Gading, Bandar Lampung, Lampung, Sumatra, 35228, Indonesia",-5.430767,105.272828,img_213_RM-Way-Giham.webp
Seblak Teh Neng,"Seblak Teh Neng, Jalan Yos Soedarso, Bumi Waras, Bandar Lampung, Lampung, Sumatra, 35211, Indonesia",-5.446241,105.273941,img_214_Seblak-Teh-Neng.jpg
Bakso Urip,"Bakso Urip, Jalan Mayor Salim Batubara, Pecoh Raya, Bandar Lampung, Lampung, Sumatra, 35211, Indonesia",-5.443428,105.273057,img_215_Bakso-Urip.jpg
Rumah Seblak,"Rumah Seblak, Jalan Ikan Kapasan, Pecoh Raya, Bandar Lampung, Lampung, Sumatra, 35211, Indonesia",-5.44057,105.275035,img_216_Rumah-Seblak.jpg
Dapur Buncit,"Dapur Buncit, Jalan Kyai Haji Ahmad Dahlan, Pecoh Raya, Bandar Lampung, Lampung, Sumatra, 35228, Indonesia",-5.435708,105.273911,img_217_Dapur-Buncit.jpg
Risolcoklat Mamahmuda,"Risolcoklat Mamahmuda, Jalan Salim Batubara, Pecoh Raya, Bandar Lampung, Lampung, Sumatra, 35211, Indonesia",-5.441192,105.271151,img_218_Risolcoklat-Mamahmuda.jpg
Pempek Nony 168,"Pempek Nony 168, Jalan Salim Batubara, Pecoh Raya, Bandar Lampung, Lampung, Sumatra, 35211, Indonesia",-5.441772,105.271845,img_219_Pempek-Nony-168.jpg
Pempek 88,"Pempek 88, Jalan Salim Batubara, Pecoh Raya, Bandar Lampung, Lampung, Sumatra, 35211, Indonesia",-5.439508,105.269059,img_220_Pempek-88.jpg
Martabak Along 89,"Martabak Along 89, Gang Cendana 2, Bumi Waras, Bandar Lampung, Lampung, Sumatra, 35211, Indonesia",-5.446222,105.275228,img_221_Martabak-Along-89.jpg
Mie Ayam Asli Wong Jawa,"Mie Ayam Asli Wong Jawa, Jalan Menteru, Tanjung Gading, Bandar Lampung, Lampung, Sumatra, 35228, Indonesia",-5.430329,105.2758,img_222_Mie-Ayam-Asli-Wong-Jawa.jpeg
Soto &Sempol Ibu Rodiah,"Soto &Sempol Ibu Rodiah, Jalan Ikan Kapasan, Pecoh Raya, Bandar Lampung, Lampung, Sumatra, 35211, Indonesia",-5.440307,105.274896,img_223_Soto-Sempol-Ibu-Rodiah.jpeg
Bubur Ayam Maya,"Bubur Ayam Maya, Jalan Mayor Salim Batubara, Pecoh Raya, Bandar Lampung, Lampung, Sumatra, 35211, Indonesia",-5.444883,105.273084,img_224_Bubur-Ayam-Maya.jpeg
Mie Ayam Ajan 11,"Mie Ayam Ajan 11, Jalan Mayor Salim Batubara, Pecoh Raya, Bandar Lampung, Lampung, Sumatra, 35211, Indonesia",-5.444098,105.27301,img_225_Mie-Ayam-Ajan-11.jpg
Kantin 125,"Kantin 125, Jalan Kyai Haji Ahmad Dahlan, Pecoh Raya, Bandar Lampung, Lampung, Sumatra, 35228, Indonesia",-5.440628,105.274293,img_226_Kantin-125.jpg
RM Ibu Gambreng,"RM Ibu Gambreng, Jalan Salim Batubara, Pecoh Raya, Bandar Lampung, Lampung, Sumatra, 35211, Indonesia",-5.439601,105.269204,img_227_RM-Ibu-Gambreng.jpeg
Kedai Tang,"Kedai Tang, Jalan Salim Batubara, Pecoh Raya, Bandar Lampung, Lampung, Sumatra, 35211, Indonesia",-5.439284,105.266956,img_228_Kedai-Tang.jpg
Pork You,"Pork You, Jalan Kyai Haji Ahmad Dahlan, Pecoh Raya, Bandar Lampung, Lampung, Sumatra, 35228, Indonesia",-5.433212,105.273293,img_229_Pork-You.jpg
Salah Buah Zeline,"Salah Buah Zeline, Gang Menang, Pecoh Raya, Bandar Lampung, Lampung, Sumatra, 35211, Indonesia",-5.441308,105.273,img_230_Salah-Buah-Zeline.jpeg
Nasi Goreng Dayat,"Nasi Goreng Dayat, Gang Anggrek Tou, Pecoh Raya, Bandar Lampung, Lampung, Sumatra, 35211, Indonesia",-5.440914,105.270901,img_231_Nasi-Goreng-Dayat.jpg
Resto Kriting,"Resto Kriting, Jalan Gatot Soebroto, Garuntang, Bandar Lampung, Lampung, Sumatra, 35228, Indonesia",-5.429134,105.275844,img_232_Resto-Kriting.jpg
Xi Bo ba Bening,"Xi Bo ba Bening, Jalan Gatot Soebroto, Garuntang, Bandar Lampung, Lampung, Sumatra, 35228, Indonesia",-5.426899,105.276052,img_233_Xi-Bo-ba-Bening.jpg
Seblak King,"Seblak King, Jalan Kyai Haji Ahmad Dahlan, Pecoh Raya, Bandar Lampung, Lampung, Sumatra, 35211, Indonesia",-5.441984,105.273103,img_234_Seblak-King.jpg
Dapur Kito,"Dapur Kito, Jalan Gatot Soebroto, Garuntang, Bandar Lampung, Lampung, Sumatra, 35228, Indonesia",-5.427243,105.275584,img_235_Dapur-Kito.jpg
Mie Ayam Grace,"Mie Ayam Grace, Gang Akasia, Pecoh Raya, Bandar Lampung, Lampung, Sumatra, 35211, Indonesia",-5.439761,105.269641,img_236_Mie-Ayam-Grace.jpg
RM Pindang Kahud,"RM Pindang Kahud, Jalan Kyai Haji Ahmad Dahlan, Pecoh Raya, Bandar Lampung, Lampung, Sumatra, 35228, Indonesia",-5.432341,105.272224,img_237_RM-Pindang-Kahud.jpg
Otak otak bakar madam,"Otak otak bakar madam, Jalan Ikan Kapasan, Pecoh Raya, Bandar Lampung, Lampung, Sumatra, 35211, Indonesia",-5.442033,105.274167,img_238_Otak-otak-bakar-madam.jpg
MartabakMini Kabitha,"MartabakMini Kabitha, Jalan Ikan Baung, Pecoh Raya, Bandar Lampung, Lampung, Sumatra, 35211, Indonesia",-5.442238,105.273318,img_239_MartabakMini-Kabitha.jpg
Bubur Ayam Ayung JR,"Bubur Ayam Ayung JR, Jalan Kyai Haji Ahmad Dahlan, Pecoh Raya, Bandar Lampung, Lampung, Sumatra, 35211, Indonesia",-5.441203,105.273692,img_240_Bubur-Ayam-Ayung-JR.jpeg
Naem Roti Bakar Premium,"Naem Roti Bakar Premium, Jalan Ikan Kapasan, Pecoh Raya, Bandar Lampung, Lampung, Sumatra, 35211, Indonesia",-5.442202,105.274085,img_241_Naem-Roti-Bakar-Premium.jpeg
Seblak kupang 21,"Seblak kupang 21, Gang Menang, Pecoh Raya, Bandar Lampung, Lampung, Sumatra, 35211, Indonesia",-5.440955,105.273155,img_242_Seblak-kupang-21.jpg
Pindang Palembang Debus,"Pindang Palembang Debus, Jalan Way Rarem, Tanjung Gading, Bandar Lampung, Lampung, Sumatra, 35228, Indonesia",-5.430082,105.275343,img_243_Pindang-Palembang-Debus.jpg
Saung Pepes Teh Ani,"Saung Pepes Teh Ani, Jalan Merawan, Tanjung Gading, Bandar Lampung, Lampung, Sumatra, 35228, Indonesia",-5.429486,105.275898,img_244_Saung-Pepes-Teh-Ani.jpg
Holycow Steak House,"Holycow Steak House, Jalan Gatot Soebroto, Garuntang, Bandar Lampung, Lampung, Sumatra, 35228, Indonesia",-5.426883,105.275522,img_245_Holycow-Steak-House.jpg
Ayam Nyelekit,"Ayam Nyelekit, Jalan Way Giham, Tanjung Gading, Bandar Lampung, Lampung, Sumatra, 35228, Indonesia",-5.431055,105.272383,img_246_Ayam-Nyelekit.jpg
Ayam Geprek Zaki,"Ayam Geprek Zaki, Gang Boni, Gunung Sari, Bandar Lampung, Lampung, Sumatra, 35121, Indonesia",-5.408395,105.262542,img_247_Ayam-Geprek-Zaki.jpg
Bakso Marem,"Bakso Marem, Jalan Pemuda, Gunung Sari, Bandar Lampung, Lampung, Sumatra, 35121, Indonesia",-5.411794,105.259927,img_248_Bakso-Marem.jpg
Seblak Bandung Cece,"Seblak Bandung Cece, Jalan Hayam Wuruk, Gunung Sari, Bandar Lampung, Lampung, Sumatra, 35121, Indonesia",-5.410185,105.262178,img_249_Seblak-Bandung-Cece.jpg
Kangen Crepes,"Kangen Crepes, Gang Tewax I, Gunung Sari, Bandar Lampung, Lampung, Sumatra, 35121, Indonesia",-5.41186,105.260151,img_250_Kangen-Crepes.jpg
Pempek Palembang 33,"Pempek Palembang 33, Jalan Hayam Wuruk, Gunung Sari, Bandar Lampung, Lampung, Sumatra, 35121, Indonesia",-5.408941,105.261564,img_251_Pempek-Palembang-33.jpg
Nasi Uduk Zaki,"Nasi Uduk Zaki, Gang Boni, Gunung Sari, Bandar Lampung, Lampung, Sumatra, 35121, Indonesia",-5.408403,105.262621,img_252_Nasi-Uduk-Zaki.jpg
Bakso Sony,"Bakso Sony, Jalan Pemuda, Gunung Sari, Bandar Lampung, Lampung, Sumatra, 35121, Indonesia",-5.411942,105.260524,img_253_Bakso-Sony.jpg
Lesehan Jeng Sri,"Lesehan Jeng Sri, Jalan Hayam Wuruk, Gunung Sari, Bandar Lampung, Lampung, Sumatra, 35121, Indonesia",-5.409757,105.261902,img_254_Lesehan-Jeng-Sri.jpg
Rumah Madu Urip,"Rumah Madu Urip, Jalan Raden Pemuka, Jagabaya II, Bandar Lampung, Lampung, Sumatra, 35136, Indonesia",-5.391767,105.274965,img_255_Rumah-Madu-Urip.jpg
Taican & Ayam Geprek Pemuka,"Taican & Ayam Geprek Pemuka, Jalan Raden Pemuka, Jagabaya II, Bandar Lampung, Lampung, Sumatra, 35136, Indonesia",-5.391318,105.275073,img_256_Taican-Ayam-Geprek-Pemuka.jpg
RM Ajib Lampung,"RM Ajib Lampung, Jalan Mohammad Kahfi Baginda, Kalibalau Kencana, Bandar Lampung, Lampung, Sumatra, 35136, Indonesia",-5.391662,105.278084,img_257_RM-Ajib-Lampung.jpg
Rumah Freya,"Rumah Freya, Jalan Urip Sumoharjo, Kalibalau Kencana, Bandar Lampung, Lampung, Sumatra, 35133, Indonesia",-5.390472,105.277561,img_258_Rumah-Freya.jpg
Oerip Kantin,"Oerip Kantin, Jalan Urip Sumoharjo, Kalibalau Kencana, Bandar Lampung, Lampung, Sumatra, 35133, Indonesia",-5.39198,105.276825,img_259_Oerip-Kantin.jpg
Getuk Lindri Ibu Iwan,"Getuk Lindri Ibu Iwan, Gang Julia, Way Halim Permai, Bandar Lampung, Lampung, Sumatra, 35136, Indonesia",-5.389261,105.275723,img_260_Getuk-Lindri-Ibu-Iwan.jpg
Wayahalim,"Wayahalim, Jalan Mangga, Kalibalau Kencana, Bandar Lampung, Lampung, Sumatra, 35136, Indonesia",-5.38992,105.277453,img_261_Wayahalim.jpg
Warung Makan Bu Atun,"Warung Makan Bu Atun, Pulau Batam Raya, Way Halim Permai, Bandar Lampung, Lampung, Sumatra, 35136, Indonesia",-5.389003,105.276316,img_262_Warung-Makan-Bu-Atun.jpg
Bebek Kudus Lampung,"Bebek Kudus Lampung, Jalan Urip Sumoharjo, Kalibalau Kencana, Bandar Lampung, Lampung, Sumatra, 35133, Indonesia",-5.391229,105.277794,img_263_Bebek-Kudus-Lampung.jpg
Warung Makan Prasmanan Mas Yanto,"Warung Makan Prasmanan Mas Yanto, Jalan Mangga, Kalibalau Kencana, Bandar Lampung, Lampung, Sumatra, 35136, Indonesia",-5.38948,105.277147,img_264_Warung-Makan-Prasmanan-Mas-Yanto.webp
Warung Makan Prasmanan,"Warung Makan Prasmanan, Pulau Batam Raya, Way Halim Permai, Bandar Lampung, Lampung, Sumatra, 35136, Indonesia",-5.389321,105.276512,img_265_Warung-Makan-Prasmanan.webp
Mamibee,"Mamibee, Jalan Mangga, Kalibalau Kencana, Bandar Lampung, Lampung, Sumatra, 35136, Indonesia",-5.389989,105.278023,img_266_Mamibee.jpg
Bakso Upil Lampung Walk,"Bakso Upil Lampung Walk, Urip Sumoharjo, Kalibalau Kencana, Bandar Lampung, Lampung, Sumatra, 35133, Indonesia",-5.390731,105.276753,img_267_Bakso-Upil-Lampung-Walk.jpg
Soto Ayam Cak Aris,"Soto Ayam Cak Aris, Jalan Urip Sumoharjo, Kalibalau Kencana, Bandar Lampung, Lampung, Sumatra, 35133, Indonesia",-5.391473,105.27991,img_268_Soto-Ayam-Cak-Aris.jpeg
Cafe Sultan Bang Janur,"Cafe Sultan Bang Janur, Jalan Pulau Morotai, Kalibalau Kencana, Bandar Lampung, Lampung, Sumatra, 35133, Indonesia",-5.392883,105.279172,img_269_Cafe-Sultan-Bang-Janur.jpg
Masakan Tante Gaul,"Masakan Tante Gaul, Gang Damai, Jagabaya III, Bandar Lampung, Lampung, Sumatra, 35136, Indonesia",-5.394788,105.276263,img_270_Masakan-Tante-Gaul.webp
Alshy Kitchen,"Alshy Kitchen, Jalan Raden Pemuka, Jagabaya II, Bandar Lampung, Lampung, Sumatra, 35136, Indonesia",-5.3915,105.275219,img_271_Alshy-Kitchen.jpg
Nasi Uduk Pecel Lele,"Nasi Uduk Pecel Lele, Pulau Batam Raya, Way Halim Permai, Bandar Lampung, Lampung, Sumatra, 35136, Indonesia",-5.384432,105.276449,img_272_Nasi-Uduk-Pecel-Lele.jpeg
Nana Catering,"Nana Catering, Jalan Raden Pemuka, Jagabaya II, Bandar Lampung, Lampung, Sumatra, 35136, Indonesia",-5.392738,105.275398,img_273_Nana-Catering.jpg
Nasi Uduk dan Tekwan Model,"Nasi Uduk dan Tekwan Model, Gang Damai, Jagabaya III, Bandar Lampung, Lampung, Sumatra, 35136, Indonesia",-5.394626,105.275549,img_274_Nasi-Uduk-dan-Tekwan-Model.jpg
Sate Obong Jai,"Sate Obong Jai, Jalan P. Buton Raya, Jagabaya III, Bandar Lampung, Lampung, Sumatra, 35136, Indonesia",-5.395417,105.277088,img_275_Sate-Obong-Jai.jpeg
Kinamona Lampung,"Kinamona Lampung, Jalan Raden Pemuka, Jagabaya III, Bandar Lampung, Lampung, Sumatra, 35136, Indonesia",-5.393853,105.275065,img_276_Kinamona-Lampung.jpg
Mie Ayam Morotai,"Mie Ayam Morotai, Jalan Mohammad Kahfi Baginda, Kalibalau Kencana, Bandar Lampung, Lampung, Sumatra, 35136, Indonesia",-5.393684,105.278257,img_277_Mie-Ayam-Morotai.jpg
Warung LW,"Warung LW, Jalan Pulau Morotai, Kalibalau Kencana, Bandar Lampung, Lampung, Sumatra, 35133, Indonesia",-5.393656,105.278781,img_278_Warung-LW.jpg
rema Abah Misri,"rema Abah Misri, Gang Damai, Tanjung Baru, Bandar Lampung, Lampung, Sumatra, 35136, Indonesia",-5.395158,105.276957,img_279_rema-Abah-Misri.jpg
Kirana BKR,"Kirana BKR, Jalan Pulau Morotai, Tanjung Baru, Bandar Lampung, Lampung, Sumatra, 35227, Indonesia",-5.395114,105.277375,img_280_Kirana-BKR.jpg
Kedai Ibu Merry,"Kedai Ibu Merry, Jalan Pulau Buru, Way Halim Permai, Bandar Lampung, Lampung, Sumatra, 35136, Indonesia",-5.388042,105.275878,img_281_Kedai-Ibu-Merry.jpg
Kedai Ngemil 4M,"Kedai Ngemil 4M, Jalan Pulau Buru, Way Halim Permai, Bandar Lampung, Lampung, Sumatra, 35136, Indonesia",-5.387867,105.276059,img_282_Kedai-Ngemil-4M.jpg
Sate Padang Ajo Nasri,"Sate Padang Ajo Nasri, Pulau Batam Raya, Way Halim Permai, Bandar Lampung, Lampung, Sumatra, 35136, Indonesia",-5.387508,105.276433,img_283_Sate-Padang-Ajo-Nasri.png
RM Ngarsino,"RM Ngarsino, Gang P. Tabuan, Kalibalau Kencana, Bandar Lampung, Lampung, Sumatra, 35133, Indonesia",-5.38835,105.277581,img_284_RM-Ngarsino.jpg
Dapur Bulbul,"Dapur Bulbul, Gang S. Parm, Way Halim Permai, Bandar Lampung, Lampung, Sumatra, 35133, Indonesia",-5.388126,105.277137,img_285_Dapur-Bulbul.jpg
Mie Ayam Bakso Langgeng,"Mie Ayam Bakso Langgeng, Pulau Batam Raya, Way Halim Permai, Bandar Lampung, Lampung, Sumatra, 35136, Indonesia",-5.387732,105.276392,img_286_Mie-Ayam-Bakso-Langgeng.jpg
Mie JagoLampung,"Mie JagoLampung, Jalan Griya Utama, Way Halim Permai, Bandar Lampung, Lampung, Sumatra, 35136, Indonesia",-5.384098,105.276736,img_287_Mie-JagoLampung.jpg
Mie Keriting Medan,"Mie Keriting Medan, Jalan Ki Maja, Way Halim Permai, Bandar Lampung, Lampung, Sumatra, 35136, Indonesia",-5.385351,105.270612,img_288_Mie-Keriting-Medan.jpg
Warung Enak Griya,"Warung Enak Griya, Jalan Griya Utama, Way Halim Permai, Bandar Lampung, Lampung, Sumatra, 35136, Indonesia",-5.383948,105.275278,img_289_Warung-Enak-Griya.jpg
Pempek Tenda Biru,"Pempek Tenda Biru, Jalan Ki Maja, Way Halim Permai, Bandar Lampung, Lampung, Sumatra, 35136, Indonesia",-5.386072,105.270178,img_290_Pempek-Tenda-Biru.jpg
Ayam Bakar Ojo Gelo,"Ayam Bakar Ojo Gelo, Jalan Ki Maja, Jaga Baya I, Bandar Lampung, Lampung, Sumatra, 35132, Indonesia",-5.386888,105.264912,img_291_Ayam-Bakar-Ojo-Gelo.jpg
Gorengan Kabita,"Gorengan Kabita, Jalan Ki Maja, Jaga Baya I, Bandar Lampung, Lampung, Sumatra, 35132, Indonesia",-5.386675,105.266014,img_292_Gorengan-Kabita.jpg
Pempek Berkah,"Pempek Berkah, Jalan Ki Maja, Jaga Baya I, Bandar Lampung, Lampung, Sumatra, 35132, Indonesia",-5.386852,105.265281,img_293_Pempek-Berkah.jpg
Sate Luwes,"Sate Luwes, Jalan Ki Maja, Way Halim Permai, Bandar Lampung, Lampung, Sumatra, 35136, Indonesia",-5.385877,105.269312,img_294_Sate-Luwes.jpg
Kedai Bang Meki,"Kedai Bang Meki, Jalan Griya Utama, Way Halim Permai, Bandar Lampung, Lampung, Sumatra, 35136, Indonesia",-5.384136,105.275328,img_295_Kedai-Bang-Meki.jpg
Rumah CAke,"Rumah CAke, Jalan Ki Maja, Jaga Baya I, Bandar Lampung, Lampung, Sumatra, 35132, Indonesia",-5.387003,105.263158,img_296_Rumah-CAke.jpg
Masakan Padang,"Masakan Padang, Jalan Ki Maja, Jaga Baya I, Bandar Lampung, Lampung, Sumatra, 35132, Indonesia",-5.387528,105.261948,img_297_Masakan-Padang.jpg
Pecel Lele Cahaya Berkah,"Pecel Lele Cahaya Berkah, Jalan Ki Maja, Jaga Baya I, Bandar Lampung, Lampung, Sumatra, 35132, Indonesia",-5.386741,105.264548,img_298_Pecel-Lele-Cahaya-Berkah.jpg
Ara Tahu,"Ara Tahu, Jalan Ki Maja, Jaga Baya I, Bandar Lampung, Lampung, Sumatra, 35132, Indonesia",-5.386645,105.266092,img_299_Ara-Tahu.jpg
Ayam Kremes Uhuy,"Ayam Kremes Uhuy, Jalan Urip Sumoharjo, Jaga Baya I, Bandar Lampung, Lampung, Sumatra, 35136, Indonesia",-5.386831,105.266898,img_300_Ayam-Kremes-Uhuy.jpg
Kerang Hijau Bumbu Kuning,"Kerang Hijau Bumbu Kuning, Gang Jambu, Jaga Baya I, Bandar Lampung, Lampung, Sumatra, 35136, Indonesia",-5.387267,105.266722,img_301_Kerang-Hijau-Bumbu-Kuning.jpg
Serut Durian,"Serut Durian, Jalan Ki Maja, Way Halim Permai, Bandar Lampung, Lampung, Sumatra, 35136, Indonesia",-5.386077,105.27054,img_302_Serut-Durian.jpeg
Kedai Ki Maja,"Kedai Ki Maja, Jalan Ki Maja, Way Halim Permai, Bandar Lampung, Lampung, Sumatra, 35136, Indonesia",-5.386318,105.269452,img_303_Kedai-Ki-Maja.jpg
Pindang Pegagan Sunda,"Pindang Pegagan Sunda, Jalan Ki Maja, Jaga Baya I, Bandar Lampung, Lampung, Sumatra, 35136, Indonesia",-5.386485,105.267093,img_304_Pindang-Pegagan-Sunda.jpg
Martabak Aqil,"Martabak Aqil, Jalan Ki Maja, Way Halim Permai, Bandar Lampung, Lampung, Sumatra, 35136, Indonesia",-5.385607,105.268253,img_305_Martabak-Aqil.jpg
Pempek Nadira,"Pempek Nadira, Mawar, Way Halim Permai, Bandar Lampung, Lampung, Sumatra, 35136, Indonesia",-5.38429,105.270888,img_306_Pempek-Nadira.jpg
Pecel Lele Zaqila,"Pecel Lele Zaqila, Jalan Ki Maja, Way Halim Permai, Bandar Lampung, Lampung, Sumatra, 35136, Indonesia",-5.386203,105.270451,img_307_Pecel-Lele-Zaqila.jpg
Nasi Goreng Ojo Lali,"Nasi Goreng Ojo Lali, Jalan Ki Maja, Way Halim Permai, Bandar Lampung, Lampung, Sumatra, 35136, Indonesia",-5.38522,105.270861,img_308_Nasi-Goreng-Ojo-Lali.jpg
Roti Bon;s Way Halim,"Roti Bon;s Way Halim, Jalan Ki Maja, Way Halim Permai, Bandar Lampung, Lampung, Sumatra, 35136, Indonesia",-5.386204,105.270773,img_309_Roti-Bon-s-Way-Halim.jpg
Seblak Jago,"Seblak Jago, Jalan Ki Maja, Way Halim Permai, Bandar Lampung, Lampung, Sumatra, 35136, Indonesia",-5.38512,105.270653,img_310_Seblak-Jago.jpg
Mie Ayam Bakso,"Mie Ayam Bakso, Jalan Putri Balau, Tanjung Agung, Bandar Lampung, Lampung, Sumatra, 35126, Indonesia",-5.410031,105.268127,img_311_Mie-Ayam-Bakso.jpg
Ayam Geprek Ibu Dewi,"Ayam Geprek Ibu Dewi, Jalan Mulya Jaya, Tanjung Agung, Bandar Lampung, Lampung, Sumatra, 35227, Indonesia",-5.410294,105.270745,img_312_Ayam-Geprek-Ibu-Dewi.jpg
Ayam Geprek Nasi Kuning,"Ayam Geprek Nasi Kuning, Jalan Rajawali II, Tanjung Agung, Bandar Lampung, Lampung, Sumatra, 35126, Indonesia",-5.411032,105.268469,img_313_Ayam-Geprek-Nasi-Kuning.jpg
Nasi Uduk Aqila,"Nasi Uduk Aqila, Jalan Putri Balau, Tanjung Agung, Bandar Lampung, Lampung, Sumatra, 35126, Indonesia",-5.410083,105.268352,img_314_Nasi-Uduk-Aqila.jpg
TA-DAA!,"TA-DAA!, Jalan Putri Balau, Tanjung Agung, Bandar Lampung, Lampung, Sumatra, 35122, Indonesia",-5.411942,105.272044,img_315_TA-DAA.png
Nasi Uduk Nyai,"Nasi Uduk Nyai, Jalan Putri Balau, Tanjung Agung, Bandar Lampung, Lampung, Sumatra, 35122, Indonesia",-5.412191,105.271951,img_316_Nasi-Uduk-Nyai.jpg
Mi Ogan,"Mi Ogan, Gang Langgar 4, Tanjung Agung, Bandar Lampung, Lampung, Sumatra, 35122, Indonesia",-5.411131,105.273811,img_317_Mi-Ogan.jpg
Bubur Ayam Mang Oyo,"Bubur Ayam Mang Oyo, Jalan Putri Balau, Tanjung Agung, Bandar Lampung, Lampung, Sumatra, 35122, Indonesia",-5.4128,105.275332,img_318_Bubur-Ayam-Mang-Oyo.jpg
Dapur Tatu,"Dapur Tatu, Gang Batin Pemuka, Tanjung Agung, Bandar Lampung, Lampung, Sumatra, 35122, Indonesia",-5.412316,105.273553,img_319_Dapur-Tatu.jpg
Dpoer Suroboyo,"Dpoer Suroboyo, Jalan Putri Balau, Kedamaian, Bandar Lampung, Lampung, Sumatra, 35122, Indonesia",-5.412277,105.277894,img_320_Dpoer-Suroboyo.jpg
RM. Rantau Minang,"RM. Rantau Minang, Jalan Putri Balau, Kedamaian, Bandar Lampung, Lampung, Sumatra, 35122, Indonesia",-5.411587,105.280254,img_321_RM-Rantau-Minang.jpg
Mie Ayam Garuntang 2,"Mie Ayam Garuntang 2, Jalan Putri Balau, Kedamaian, Bandar Lampung, Lampung, Sumatra, 35122, Indonesia",-5.411211,105.28446,img_322_Mie-Ayam-Garuntang-2.jpg
Bakso Idon,"Bakso Idon, Jalan Ridwan Rais, Kedamaian, Bandar Lampung, Lampung, Sumatra, 35227, Indonesia",-5.404271,105.284626,img_323_Bakso-Idon.jpg
Martabak Bangka,"Martabak Bangka, Jalan Putri Balau, Kedamaian, Bandar Lampung, Lampung, Sumatra, 35122, Indonesia",-5.411572,105.280585,img_324_Martabak-Bangka.jpg
Baso Aci Jarkofit,"Baso Aci Jarkofit, Alimuddin Umar, Campang Raya, Bandar Lampung, Lampung, Sumatra, 35133, Indonesia",-5.406821,105.30582,img_325_Baso-Aci-Jarkofit.jpg
Mie Ayam 21,"Mie Ayam 21, Jalan Putri Balau, Tanjung Agung, Bandar Lampung, Lampung, Sumatra, 35122, Indonesia",-5.412719,105.276483,img_326_Mie-Ayam-21.jpg
RM. Campang Raya,"RM. Campang Raya, Gang Seri, Campang Raya, Bandar Lampung, Lampung, Sumatra, 35122, Indonesia",-5.407127,105.299445,img_327_RM-Campang-Raya.jpg
Pempek Ikan Lila,"Pempek Ikan Lila, Gang Pilram Hukum, Tanjung Agung, Bandar Lampung, Lampung, Sumatra, 35122, Indonesia",-5.412366,105.276633,img_328_Pempek-Ikan-Lila.jpg
RM Sari Minang,"RM Sari Minang, Jalan Ridwan Rais, Kedamaian, Bandar Lampung, Lampung, Sumatra, 35122, Indonesia",-5.411222,105.285407,img_329_RM-Sari-Minang.jpg
Satu Mangkok,"Satu Mangkok, Jalan Putri Balau, Tanjung Agung, Bandar Lampung, Lampung, Sumatra, 35122, Indonesia",-5.413887,105.275552,img_330_Satu-Mangkok.jpg
Kkochi Korean Streetfood,"Kkochi Korean Streetfood, Jalan Ridwan Rais, Kedamaian, Bandar Lampung, Lampung, Sumatra, 35227, Indonesia",-5.405578,105.285884,img_331_Kkochi-Korean-Streetfood.jpg
Gudeg Jawa,"Gudeg Jawa, Jalan Mangga, Kedamaian, Bandar Lampung, Lampung, Sumatra, 35122, Indonesia",-5.411893,105.281797,img_332_Gudeg-Jawa.jpg
Faust Kitchen,"Faust Kitchen, HR M. Mangoendiprodjo, Kedamaian, Bandar Lampung, Lampung, Sumatra, 35122, Indonesia",-5.406056,105.291088,img_333_Faust-Kitchen.jpeg
Rumah Ikan Cafe dan Resto,"Rumah Ikan Cafe dan Resto, Jalan Ridwan Rais, Kedamaian, Bandar Lampung, Lampung, Sumatra, 35122, Indonesia",-5.409307,105.285862,img_334_Rumah-Ikan-Cafe-dan-Resto.jpg
Dapur Mamow,"Dapur Mamow, Gang Pelopor 2, Kedamaian, Bandar Lampung, Lampung, Sumatra, 35122, Indonesia",-5.410835,105.284838,img_335_Dapur-Mamow.jpg
Arion Kitchen,"Arion Kitchen, Gang T. Pesirah Marga, Kedamaian, Bandar Lampung, Lampung, Sumatra, 35122, Indonesia",-5.411688,105.283682,img_336_Arion-Kitchen.jpg
Tradisi Indo,"Tradisi Indo, Gang Pelopor 3, Kedamaian, Bandar Lampung, Lampung, Sumatra, 35122, Indonesia",-5.410051,105.284936,img_337_Tradisi-Indo.jpg
Warung Bu Sum,"Warung Bu Sum, Jalan HR M. Mangoendiprodjo, Kedamaian, Bandar Lampung, Lampung, Sumatra, 35122, Indonesia",-5.411442,105.288884,img_338_Warung-Bu-Sum.jpg
Doubel Eight Resto,"Doubel Eight Resto, Jalan Haji Syarif, Kedamaian, Bandar Lampung, Lampung, Sumatra, 35227, Indonesia",-5.40544,105.285922,img_339_Doubel-Eight-Resto.jpg
Warung Bude,"Warung Bude, Jalan HR M. Mangoendiprodjo, Kedamaian, Bandar Lampung, Lampung, Sumatra, 35122, Indonesia",-5.411688,105.287945,img_340_Warung-Bude.jpg
Pempek Mimi Kedamaian,"Pempek Mimi Kedamaian, Jalan Puncak, Kedamaian, Bandar Lampung, Lampung, Sumatra, 35122, Indonesia",-5.411753,105.286774,img_341_Pempek-Mimi-Kedamaian.jpg
Momah Cooking,"Momah Cooking, Jalan Puncak, Kedamaian, Bandar Lampung, Lampung, Sumatra, 35122, Indonesia",-5.412573,105.28683,img_342_Momah-Cooking.jpg
Ayam Geprek Rahma,"Ayam Geprek Rahma, Jalan Haji Syarif, Kedamaian, Bandar Lampung, Lampung, Sumatra, 35227, Indonesia",-5.404613,105.286605,img_343_Ayam-Geprek-Rahma.jpg
Pecel Lele Lamongan,"Pecel Lele Lamongan, HR M. Mangoendiprodjo, Kedamaian, Bandar Lampung, Lampung, Sumatra, 35122, Indonesia",-5.406611,105.292034,img_344_Pecel-Lele-Lamongan.jpg
Warung Depa,"Warung Depa, Alimuddin Umar, Campang Raya, Bandar Lampung, Lampung, Sumatra, 35133, Indonesia",-5.40689,105.307086,img_345_Warung-Depa.jpg
Rumah Makan,"Rumah Makan, Alimuddin Umar, Campang Raya, Bandar Lampung, Lampung, Sumatra, 35133, Indonesia",-5.407814,105.29504,img_346_Rumah-Makan.jpg
RM Bareh Solok,"RM Bareh Solok, Gang Rawan, Campang Raya, Bandar Lampung, Lampung, Sumatra, 35122, Indonesia",-5.406814,105.301249,img_347_RM-Bareh-Solok.jpeg
RM Mbak Barokah,"RM Mbak Barokah, Jalan Pelita II, Kedamaian, Bandar Lampung, Lampung, Sumatra, 35122, Indonesia",-5.408855,105.288659,img_348_RM-Mbak-Barokah.jpeg
Ayam Geprek Melejit,"Ayam Geprek Melejit, Alimuddin Umar, Campang Raya, Bandar Lampung, Lampung, Sumatra, 35133, Indonesia",-5.40662,105.313791,img_349_Ayam-Geprek-Melejit.jpg
"RM, Saidi","RM, Saidi, Alimuddin Umar, Campang Raya, Bandar Lampung, Lampung, Sumatra, 35133, Indonesia",-5.407748,105.295449,img_350_RM-Saidi.jpg
Pempek Palembang Wildan,"Pempek Palembang Wildan, Gang Tulang Bawang, Campang Raya, Bandar Lampung, Lampung, Sumatra, 35133, Indonesia",-5.40444,105.310445,img_351_Pempek-Palembang-Wildan.jpg
Kantin Kaka,"Kantin Kaka, Gang Tulang Bawang, Campang Raya, Bandar Lampung, Lampung, Sumatra, 35133, Indonesia",-5.404649,105.310872,img_352_Kantin-Kaka.jpg
Pempek Arjuna,"Pempek Arjuna, Alimuddin Umar, Campang Raya, Bandar Lampung, Lampung, Sumatra, 35133, Indonesia",-5.407134,105.310083,img_353_Pempek-Arjuna.jpg
Rumah Makan Mbak sri,"Rumah Makan Mbak sri, Alimuddin Umar, Campang Raya, Bandar Lampung, Lampung, Sumatra, 35133, Indonesia",-5.406937,105.311667,img_354_Rumah-Makan-Mbak-sri.jpg
This is Brazil,"This is Brazil, Alimuddin Umar, Campang Raya, Bandar Lampung, Lampung, Sumatra, 35133, Indonesia",-5.406358,105.312486,img_355_This-is-Brazil.jpg
Kedai Leuhung,"Kedai Leuhung, Alimuddin Umar, Campang Raya, Bandar Lampung, Lampung, Sumatra, 35133, Indonesia",-5.404927,105.310781,img_356_Kedai-Leuhung.jpg
Dapur Yana 17,"Dapur Yana 17, Alimuddin Umar, Campang Raya, Bandar Lampung, Lampung, Sumatra, 35133, Indonesia",-5.406485,105.311789,img_357_Dapur-Yana-17.jpg
Langit Renjana,"Langit Renjana, Jalan Kiwi, Kedaton, Bandar Lampung, Lampung, Sumatra, 35123, Indonesia",-5.392961,105.25761,img_358_Langit-Renjana.jpg
Ayam Geprek Pedes Gila,"Ayam Geprek Pedes Gila, Jalan Harimau, Kedaton, Bandar Lampung, Lampung, Sumatra, 35123, Indonesia",-5.39459,105.256757,img_359_Ayam-Geprek-Pedes-Gila.jpg
Pempek Eka Ria,"Pempek Eka Ria, Jalan Onta, Penengahan, Bandar Lampung, Lampung, Sumatra, 35112, Indonesia",-5.397872,105.256698,img_360_Pempek-Eka-Ria.jpg
Nasi Goreng Onta,"Nasi Goreng Onta, Jalan Onta, Penengahan, Bandar Lampung, Lampung, Sumatra, 35112, Indonesia",-5.397847,105.256553,img_361_Nasi-Goreng-Onta.jpg
Kantin Pempek Sultan,"Kantin Pempek Sultan, Jalan Harimau, Kedaton, Bandar Lampung, Lampung, Sumatra, 35123, Indonesia",-5.39389,105.256969,img_362_Kantin-Pempek-Sultan.jpg
Angsa Satoe,"Angsa Satoe, Gang Angsa, Penengahan, Bandar Lampung, Lampung, Sumatra, 35112, Indonesia",-5.397427,105.257284,img_363_Angsa-Satoe.jpg
Ayam Suwir Netizen,"Ayam Suwir Netizen, Jalan Harimau, Penengahan, Bandar Lampung, Lampung, Sumatra, 35112, Indonesia",-5.396645,105.257182,img_364_Ayam-Suwir-Netizen.jpeg
Bika Ambon Lampung,"Bika Ambon Lampung, Jalan Harimau, Penengahan, Bandar Lampung, Lampung, Sumatra, 35112, Indonesia",-5.397047,105.256664,img_365_Bika-Ambon-Lampung.jpg
Siomay & Frozen,"Siomay & Frozen, Jalan Harimau, Kedaton, Bandar Lampung, Lampung, Sumatra, 35123, Indonesia",-5.394338,105.257173,img_366_Siomay-Frozen.jpg
Warung Mie Rania,"Warung Mie Rania, Jalan Kiwi, Kedaton, Bandar Lampung, Lampung, Sumatra, 35123, Indonesia",-5.39297,105.257937,img_367_Warung-Mie-Rania.jpg
Bittersweet,"Bittersweet, Jalan Onta, Penengahan, Bandar Lampung, Lampung, Sumatra, 35112, Indonesia",-5.397528,105.255219,img_368_Bittersweet.jpg
Tekwan Bakso Lek Sutres,"Tekwan Bakso Lek Sutres, Jalan Onta, Penengahan, Bandar Lampung, Lampung, Sumatra, 35112, Indonesia",-5.396679,105.253451,img_369_Tekwan-Bakso-Lek-Sutres.jpg
Kedai Hamdallah,"Kedai Hamdallah, Jalan Rusa, Sukamenanti, Bandar Lampung, Lampung, Sumatra, 35123, Indonesia",-5.395746,105.251171,img_370_Kedai-Hamdallah.jpg
Kari Jepang,"Kari Jepang, Jalan Onta, Penengahan, Bandar Lampung, Lampung, Sumatra, 35112, Indonesia",-5.397405,105.256212,img_371_Kari-Jepang.jpg
Lapau Nasi Minang,"Lapau Nasi Minang, Jalan Onta, Penengahan, Bandar Lampung, Lampung, Sumatra, 35112, Indonesia",-5.397498,105.256073,img_372_Lapau-Nasi-Minang.jpg
Seblak Azzam Melotot,"Seblak Azzam Melotot, Jalan Rusa, Sukamenanti, Bandar Lampung, Lampung, Sumatra, 35123, Indonesia",-5.395283,105.251537,img_373_Seblak-Azzam-Melotot.jpg
Kupat Tahu Magelang,"Kupat Tahu Magelang, Jalan Onta, Penengahan, Bandar Lampung, Lampung, Sumatra, 35112, Indonesia",-5.395728,105.251097,img_374_Kupat-Tahu-Magelang.jpg
Bakso Hazami,"Bakso Hazami, Jalan Onta, Penengahan, Bandar Lampung, Lampung, Sumatra, 35112, Indonesia",-5.396408,105.252847,img_375_Bakso-Hazami.jpg
Mie Ayam Kancil,"Mie Ayam Kancil, Jalan Kamboja, Enggal, Bandar Lampung, Lampung, Sumatra, 35121, Indonesia",-5.414246,105.259839,img_376_Mie-Ayam-Kancil.jpg
Salad uah Asinan,"Salad uah Asinan, Jalan Adi Sucipto, Enggal, Bandar Lampung, Lampung, Sumatra, 35126, Indonesia",-5.413593,105.265442,img_377_Salad-uah-Asinan.jpeg
Tekwan & Bakso,"Tekwan & Bakso, Jalan Kamboja, Enggal, Bandar Lampung, Lampung, Sumatra, 35121, Indonesia",-5.414537,105.259598,img_378_Tekwan-Bakso.jpg
Kedai Maiyah,"Kedai Maiyah, Jalan Adi Sucipto, Enggal, Bandar Lampung, Lampung, Sumatra, 35126, Indonesia",-5.413715,105.263456,img_379_Kedai-Maiyah.jpg
Ayam Geprek Nadhifa,"Ayam Geprek Nadhifa, Jalan Adi Sucipto, Enggal, Bandar Lampung, Lampung, Sumatra, 35126, Indonesia",-5.413611,105.263385,img_380_Ayam-Geprek-Nadhifa.jpg
BubuR ayam Mirasa,"BubuR ayam Mirasa, Jalan Hayam Wuruk, Gunung Sari, Bandar Lampung, Lampung, Sumatra, 35121, Indonesia",-5.409319,105.26544,img_381_BubuR-ayam-Mirasa.jpeg
Bakmi Bangka 88,"Bakmi Bangka 88, Jalan Dasamuko, Gunung Sari, Bandar Lampung, Lampung, Sumatra, 35126, Indonesia",-5.406883,105.266533,img_382_Bakmi-Bangka-88.jpg
Nasi Uduk Ibu Emah,"Nasi Uduk Ibu Emah, Jalan P. Seram, Gunung Sari, Bandar Lampung, Lampung, Sumatra, 35121, Indonesia",-5.406132,105.266391,img_383_Nasi-Uduk-Ibu-Emah.jpg
Pempek Adon,"Pempek Adon, Jalan Kamboja, Enggal, Bandar Lampung, Lampung, Sumatra, 35126, Indonesia",-5.414045,105.262251,img_384_Pempek-Adon.jpg
Warung Santap Abah,"Warung Santap Abah, Jalan Adi Sucipto, Enggal, Bandar Lampung, Lampung, Sumatra, 35126, Indonesia",-5.413277,105.265143,img_385_Warung-Santap-Abah.jpg
Ampera Uni Ros,"Ampera Uni Ros, Jalan Dasamuko, Gunung Sari, Bandar Lampung, Lampung, Sumatra, 35126, Indonesia",-5.406794,105.266487,img_386_Ampera-Uni-Ros.jpeg
Martabak India Harman,"Martabak India Harman, Jalan Adi Sucipto, Enggal, Bandar Lampung, Lampung, Sumatra, 35126, Indonesia",-5.413859,105.26339,img_387_Martabak-India-Harman.png
Sate Padang Sidi,"Sate Padang Sidi, Jalan Bukit 2, Gunung Sari, Bandar Lampung, Lampung, Sumatra, 35126, Indonesia",-5.409279,105.264852,img_388_Sate-Padang-Sidi.jpeg
Bakso Solo 7,"Bakso Solo 7, Jalan Hayam Wuruk, Gunung Sari, Bandar Lampung, Lampung, Sumatra, 35121, Indonesia",-5.409862,105.2665,img_389_Bakso-Solo-7.jpg
Sate Madura Kholil,"Sate Madura Kholil, Jalan Palau Bacan, Jagabaya III, Bandar Lampung, Lampung, Sumatra, 35227, Indonesia",-5.407876,105.269624,img_390_Sate-Madura-Kholil.jpg
Nasi Hainan,"Nasi Hainan, Jalan Palau Bacan, Jagabaya III, Bandar Lampung, Lampung, Sumatra, 35227, Indonesia",-5.406636,105.269403,img_391_Nasi-Hainan.jpg
Warung Nanda Causa,"Warung Nanda Causa, Jalan P. Seram, Gunung Sari, Bandar Lampung, Lampung, Sumatra, 35121, Indonesia",-5.40576,105.267178,img_392_Warung-Nanda-Causa.jpg
Mie Anda,"Mie Anda, Jalan Palau Bacan, Jagabaya III, Bandar Lampung, Lampung, Sumatra, 35227, Indonesia",-5.407763,105.269614,img_393_Mie-Anda.jpg
Rumah Makan,"Rumah Makan, Jalan Palau Bacan, Jagabaya III, Bandar Lampung, Lampung, Sumatra, 35227, Indonesia",-5.406679,105.269603,img_394_Rumah-Makan.jpg
Nasi Uduk Eling,"Nasi Uduk Eling, Jalan Mekarsari, Jagabaya III, Bandar Lampung, Lampung, Sumatra, 35227, Indonesia",-5.407532,105.269725,img_395_Nasi-Uduk-Eling.jpg
RM Padang Jaya,"RM Padang Jaya, Jalan Letnan Jenderal Suprapto, Durian Payung, Bandar Lampung, Lampung, Sumatra, 35119, Indonesia",-5.419056,105.25504,img_396_RM-Padang-Jaya.jpg
Bakul Geh Ayam Geprek,"Bakul Geh Ayam Geprek, Jalan Letnan Jenderal Suprapto, Durian Payung, Bandar Lampung, Lampung, Sumatra, 35119, Indonesia",-5.415916,105.255663,img_397_Bakul-Geh-Ayam-Geprek.jpg
Griya Oebi,"Griya Oebi, Jalan Pajajaran, Jaga Baya I, Bandar Lampung, Lampung, Sumatra, 35136, Indonesia",-5.389528,105.266535,img_398_Griya-Oebi.jpg
Rii''s Kitchen and Coffe,"Rii''s Kitchen and Coffe, Jalan Kartini, Durian Payung, Bandar Lampung, Lampung, Sumatra, 35119, Indonesia",-5.418536,105.253567,img_399_Rii-s-Kitchen-and-Coffe.jpg
Dapur Habib,"Dapur Habib, Jalan Aziz Cindar Bumi, Durian Payung, Bandar Lampung, Lampung, Sumatra, 35119, Indonesia",-5.420236,105.255385,img_400_Dapur-Habib.jpg
Encim Genduts,"Encim Genduts, Jalan Lindu, Durian Payung, Bandar Lampung, Lampung, Sumatra, 35119, Indonesia",-5.418792,105.25431,img_401_Encim-Genduts.jpg
Pempek Mang Ujuk,"Pempek Mang Ujuk, Jalan Letnan Jenderal Suprapto, Durian Payung, Bandar Lampung, Lampung, Sumatra, 35119, Indonesia",-5.415949,105.255399,img_402_Pempek-Mang-Ujuk.jpeg
Warung NAsi Uduk Jengkol,"Warung NAsi Uduk Jengkol, Jalan Letnan Jenderal Suprapto, Durian Payung, Bandar Lampung, Lampung, Sumatra, 35119, Indonesia",-5.419595,105.25481,img_403_Warung-NAsi-Uduk-Jengkol.jpg
Ampera Pak Atek,"Ampera Pak Atek, Jalan Pajajaran, Jaga Baya I, Bandar Lampung, Lampung, Sumatra, 35136, Indonesia",-5.390336,105.266638,img_404_Ampera-Pak-Atek.png
RM Uda Sayang,"RM Uda Sayang, Jalan Letnan Jenderal Suprapto, Durian Payung, Bandar Lampung, Lampung, Sumatra, 35119, Indonesia",-5.420522,105.254997,img_405_RM-Uda-Sayang.jpg
Sate Armada's,"Sate Armada's, Jalan Letnan Jenderal Suprapto, Durian Payung, Bandar Lampung, Lampung, Sumatra, 35119, Indonesia",-5.418459,105.254779,img_406_Sate-Armada-s.jpg
Bakso Dono,"Bakso Dono, Jalan Letnan Jenderal Suprapto, Durian Payung, Bandar Lampung, Lampung, Sumatra, 35119, Indonesia",-5.414562,105.256053,img_407_Bakso-Dono.jpg
Warung Bude Misjon,"Warung Bude Misjon, Jalan Letnan Jenderal Suprapto, Durian Payung, Bandar Lampung, Lampung, Sumatra, 35119, Indonesia",-5.4176,105.255056,img_408_Warung-Bude-Misjon.jpg
Warung Makan Teteh,"Warung Makan Teteh, Jalan Letnan Jenderal Suprapto, Durian Payung, Bandar Lampung, Lampung, Sumatra, 35119, Indonesia",-5.414918,105.25644,img_409_Warung-Makan-Teteh.jpg
Warung Mak Indul,"Warung Mak Indul, Jalan Letnan Jenderal Suprapto, Durian Payung, Bandar Lampung, Lampung, Sumatra, 35119, Indonesia",-5.415687,105.256362,img_410_Warung-Mak-Indul.jpg
Mushola Al Islah,"Mushola Al Islah, Jalan Letnan Jenderal Suprapto, Durian Payung, Bandar Lampung, Lampung, Sumatra, 35119, Indonesia",-5.414364,105.256715,img_411_Mushola-Al-Islah.jpg
Warung Pecel Bu Wati,"Warung Pecel Bu Wati, Jalan Raden Patah, Kaliawi, Bandar Lampung, Lampung, Sumatra, 35119, Indonesia",-5.41472,105.251809,img_412_Warung-Pecel-Bu-Wati.jpeg
Rindut,"Rindut, Jalan Danau Toba, Jaga Baya I, Bandar Lampung, Lampung, Sumatra, 35136, Indonesia",-5.391368,105.266245,img_413_Rindut.jpg
Asinan Pak De Saburai,"Asinan Pak De Saburai, Jalan Letnan Jenderal Suprapto, Durian Payung, Bandar Lampung, Lampung, Sumatra, 35119, Indonesia",-5.415789,105.256557,img_414_Asinan-Pak-De-Saburai.webp
Dapoer Mama 214,"Dapoer Mama 214, Jalan Pajajaran, Jaga Baya I, Bandar Lampung, Lampung, Sumatra, 35136, Indonesia",-5.387576,105.267306,img_415_Dapoer-Mama-214.jpg
Eat Buds,"Eat Buds, Jalan Letnan Jenderal Suprapto, Durian Payung, Bandar Lampung, Lampung, Sumatra, 35119, Indonesia",-5.413976,105.256678,img_416_Eat-Buds.jpg
Bakso Tom,"Bakso Tom, Jalan Pajajaran, Jaga Baya I, Bandar Lampung, Lampung, Sumatra, 35136, Indonesia",-5.387371,105.267287,img_417_Bakso-Tom.jpg
Nasi Uduk Bi Matsu,"Nasi Uduk Bi Matsu, Gang Umi Mastia, Kaliawi, Bandar Lampung, Lampung, Sumatra, 35119, Indonesia",-5.414961,105.25266,img_418_Nasi-Uduk-Bi-Matsu.jpg
Warung Askan,"Warung Askan, Jalan Raden Patah, Kaliawi, Bandar Lampung, Lampung, Sumatra, 35119, Indonesia",-5.414478,105.253275,img_419_Warung-Askan.jpg
Nasi Uduk Mak Sisu,"Nasi Uduk Mak Sisu, Jalan Pajajaran, Jaga Baya I, Bandar Lampung, Lampung, Sumatra, 35136, Indonesia",-5.3876,105.267069,img_420_Nasi-Uduk-Mak-Sisu.jpg
Nasi Uduk Bandung Goceng,"Nasi Uduk Bandung Goceng, Jalan Profesor F. Haji Agus Salim, Kaliawi, Bandar Lampung, Lampung, Sumatra, 35119, Indonesia",-5.411687,105.249572,img_421_Nasi-Uduk-Bandung-Goceng.jpg
Kedai Cek Mar,"Kedai Cek Mar, Jalan Sasonoloyo 1, Jagabaya II, Bandar Lampung, Lampung, Sumatra, 35136, Indonesia",-5.392341,105.266426,img_422_Kedai-Cek-Mar.jpg
Mak Benk Gorengan,"Mak Benk Gorengan, Jalan Raden Patah, Kaliawi, Bandar Lampung, Lampung, Sumatra, 35119, Indonesia",-5.414692,105.252832,img_423_Mak-Benk-Gorengan.jpg
Tiga Saudara,"Tiga Saudara, Jalan Raden Patah, Kaliawi, Bandar Lampung, Lampung, Sumatra, 35119, Indonesia",-5.414251,105.253149,img_424_Tiga-Saudara.jpg
Warung Bu Ris,"Warung Bu Ris, Gang Raden Patah, Kaliawi, Bandar Lampung, Lampung, Sumatra, 35119, Indonesia",-5.414035,105.25069,img_425_Warung-Bu-Ris.jpeg
Jolirens King,"Jolirens King, Jalan Raden Patah, Kaliawi, Bandar Lampung, Lampung, Sumatra, 35119, Indonesia",-5.41383,105.254588,img_426_Jolirens-King.jpg
Warung Neli,"Warung Neli, Gang Satria II, Kaliawi, Bandar Lampung, Lampung, Sumatra, 35119, Indonesia",-5.413482,105.251442,img_427_Warung-Neli.jpg
Geprek Bunchu,"Geprek Bunchu, Gang Bukit 4, Kaliawi, Bandar Lampung, Lampung, Sumatra, 35119, Indonesia",-5.413155,105.250935,img_428_Geprek-Bunchu.jpg
Uduk Yoga,"Uduk Yoga, Jalan Profesor F. Haji Agus Salim, Kaliawi, Bandar Lampung, Lampung, Sumatra, 35119, Indonesia",-5.411924,105.251186,img_429_Uduk-Yoga.jpg
Bakso Pak Salim,"Bakso Pak Salim, Jalan Raden Patah, Kaliawi, Bandar Lampung, Lampung, Sumatra, 35119, Indonesia",-5.414546,105.252628,img_430_Bakso-Pak-Salim.jpg
Mie Ayam & Tekwan Mantab,"Mie Ayam & Tekwan Mantab, Gang Satria II, Kaliawi, Bandar Lampung, Lampung, Sumatra, 35119, Indonesia",-5.413515,105.252133,img_431_Mie-Ayam-Tekwan-Mantab.jpg
Bakso Mang Joni,"Bakso Mang Joni, Jalan Profesor F. Haji Agus Salim, Kaliawi, Bandar Lampung, Lampung, Sumatra, 35119, Indonesia",-5.412129,105.251996,img_432_Bakso-Mang-Joni.webp
Yussi Akmal,"Yussi Akmal, Jalan Dahlia, Tanjung Raya, Bandar Lampung, Lampung, Sumatra, 35213, Indonesia",-5.421428,105.269235,img_433_Yussi-Akmal.jpg
Keude Aceh Warung Makan,"Keude Aceh Warung Makan, Jalan Gajah Mada, Tanjung Raya, Bandar Lampung, Lampung, Sumatra, 35213, Indonesia",-5.421284,105.269498,img_434_Keude-Aceh-Warung-Makan.jpg
Lesehan Klaten,"Lesehan Klaten, Jalan Kartini, Durian Payung, Bandar Lampung, Lampung, Sumatra, 35119, Indonesia",-5.412302,105.255955,img_435_Lesehan-Klaten.jpg
Martabak Ewok,"Martabak Ewok, Jalan Profesor F. Haji Agus Salim, Kebonjeruk, Bandar Lampung, Lampung, Sumatra, 35121, Indonesia",-5.412059,105.255834,img_436_Martabak-Ewok.jpg
Warung Seblak Dower,"Warung Seblak Dower, Gang Senen, Kebonjeruk, Bandar Lampung, Lampung, Sumatra, 35119, Indonesia",-5.412368,105.252308,img_437_Warung-Seblak-Dower.jpg
Sain Deli,"Sain Deli, Jalan Dahlia, Tanjung Raya, Bandar Lampung, Lampung, Sumatra, 35213, Indonesia",-5.420992,105.269018,img_438_Sain-Deli.jpeg
Nugie Food,"Nugie Food, Gang Sukasari, Kaliawi, Bandar Lampung, Lampung, Sumatra, 35119, Indonesia",-5.411833,105.248779,img_439_Nugie-Food.jpg
Ayam Semanggi Gajah Mada,"Ayam Semanggi Gajah Mada, Jalan Mayjen Sutiyoso 2, Rawa Laut, Bandar Lampung, Lampung, Sumatra, 35127, Indonesia",-5.41765,105.267449,img_440_Ayam-Semanggi-Gajah-Mada.jpg
Pempek Cik Meing,"Pempek Cik Meing, Jalan Kyai Haji Mas Mansyur, Rawa Laut, Bandar Lampung, Lampung, Sumatra, 35127, Indonesia",-5.420114,105.26903,img_441_Pempek-Cik-Meing.png
Roti Bakar Eki,"Roti Bakar Eki, Jalan Gajah Mada, Kota Baru, Bandar Lampung, Lampung, Sumatra, 35127, Indonesia",-5.41998,105.269966,img_442_Roti-Bakar-Eki.jpg
Dapur Kayla,"Dapur Kayla, Gang Swadaya, Tanjung Agung, Bandar Lampung, Lampung, Sumatra, 35122, Indonesia",-5.418025,105.274474,img_443_Dapur-Kayla.jpg
Tiwul Goreng Ibu Romlah,"Tiwul Goreng Ibu Romlah, Jalan Maleo, Kota Baru, Bandar Lampung, Lampung, Sumatra, 35126, Indonesia",-5.416389,105.27103,img_444_Tiwul-Goreng-Ibu-Romlah.jpg
Dapoer Abi,"Dapoer Abi, Jalan Dokter Harun II, Tanjung Agung, Bandar Lampung, Lampung, Sumatra, 35126, Indonesia",-5.414407,105.272371,img_445_Dapoer-Abi.jpg
Wadidaw GIE,"Wadidaw GIE, Jalan Perintis Kemerdekaan, Kota Baru, Bandar Lampung, Lampung, Sumatra, 35127, Indonesia",-5.418304,105.271094,img_446_Wadidaw-GIE.jpg
Gudeg Ria,"Gudeg Ria, Jalan Beo, Tanjung Agung, Bandar Lampung, Lampung, Sumatra, 35126, Indonesia",-5.4135,105.269165,img_447_Gudeg-Ria.png
Raihan Catering,"Raihan Catering, Jalan Haji Said, Kota Baru, Bandar Lampung, Lampung, Sumatra, 35122, Indonesia",-5.417653,105.276535,img_448_Raihan-Catering.jpg
Kaki Lapan Resto,"Kaki Lapan Resto, Jalan Gatot Soebroto, Garuntang, Bandar Lampung, Lampung, Sumatra, 35228, Indonesia",-5.435463,105.281588,img_449_Kaki-Lapan-Resto.jpg
Martabak Damang,"Martabak Damang, Jalan Haji Jamaludin, Rawa Laut, Bandar Lampung, Lampung, Sumatra, 35126, Indonesia",-5.416454,105.267222,img_450_Martabak-Damang.jpg
Ayam Geprek SB 21,"Ayam Geprek SB 21, Jalan Haji Said, Kota Baru, Bandar Lampung, Lampung, Sumatra, 35213, Indonesia",-5.419331,105.274336,img_451_Ayam-Geprek-SB-21.jpg
Karibian Dessert,"Karibian Dessert, Jalan Perintis Kemerdekaan, Kota Baru, Bandar Lampung, Lampung, Sumatra, 35127, Indonesia",-5.417491,105.271027,img_452_Karibian-Dessert.jpg
Warung Pecel Teh Anita,"Warung Pecel Teh Anita, Jalan Dokter Harun II, Tanjung Agung, Bandar Lampung, Lampung, Sumatra, 35126, Indonesia",-5.414271,105.270382,img_453_Warung-Pecel-Teh-Anita.jpeg
RM Ampera Viola,"RM Ampera Viola, Jalan Doktorandus Haji Fauzi Saleh, Tanjung Agung, Bandar Lampung, Lampung, Sumatra, 35122, Indonesia",-5.41808,105.273621,img_454_RM-Ampera-Viola.jpg
Warung Uduk Bude,"Warung Uduk Bude, Gang Abdul Fatah Kotabaru, Tanjung Agung, Bandar Lampung, Lampung, Sumatra, 35126, Indonesia",-5.413661,105.271149,img_455_Warung-Uduk-Bude.jpg
Kangen Nyos Group,"Kangen Nyos Group, Jalan Perintis Kemerdekaan, Kota Baru, Bandar Lampung, Lampung, Sumatra, 35127, Indonesia",-5.418496,105.27056,img_456_Kangen-Nyos-Group.jpeg
Ay Ay Dimsum,"Ay Ay Dimsum, Jalan Haji Said, Kota Baru, Bandar Lampung, Lampung, Sumatra, 35122, Indonesia",-5.419221,105.275055,img_457_Ay-Ay-Dimsum.jpg
Warung Sawo,"Warung Sawo, Gang Masjid Nurul Yaqin, Garuntang, Bandar Lampung, Lampung, Sumatra, 35228, Indonesia",-5.435264,105.282391,img_458_Warung-Sawo.jpg
Mie Ayam Emma,"Mie Ayam Emma, Jalan Serasan I, Tanjung Gading, Bandar Lampung, Lampung, Sumatra, 35228, Indonesia",-5.434633,105.281005,img_459_Mie-Ayam-Emma.jpg
Nasi Uduk BuAni,"Nasi Uduk BuAni, Jalan Haji Said, Kota Baru, Bandar Lampung, Lampung, Sumatra, 35122, Indonesia",-5.418784,105.274391,img_460_Nasi-Uduk-BuAni.jpg
Mr Babah Lampung,"Mr Babah Lampung, Gang Swadaya, Tanjung Agung, Bandar Lampung, Lampung, Sumatra, 35122, Indonesia",-5.417608,105.273808,img_461_Mr-Babah-Lampung.png
Sate Cak Bakri,"Sate Cak Bakri, Jalan Gatot Soebroto, Garuntang, Bandar Lampung, Lampung, Sumatra, 35228, Indonesia",-5.435794,105.282934,img_462_Sate-Cak-Bakri.jpeg
Mie Ayam Syafira,"Mie Ayam Syafira, Jalan Terusan Selamet Riyadi, Garuntang, Bandar Lampung, Lampung, Sumatra, 35228, Indonesia",-5.43569,105.283594,img_463_Mie-Ayam-Syafira.jpg
Warung NAsi Uduk Ibu Rusmini,"Warung NAsi Uduk Ibu Rusmini, Jalan Gatot Soebroto, Garuntang, Bandar Lampung, Lampung, Sumatra, 35228, Indonesia",-5.434312,105.279459,img_464_Warung-NAsi-Uduk-Ibu-Rusmini.jpg
Golden Star Food Festival,"Golden Star Food Festival, Gang Masjid Nurul Yaqin, Garuntang, Bandar Lampung, Lampung, Sumatra, 35228, Indonesia",-5.435302,105.282046,img_465_Golden-Star-Food-Festival.jpg
Pecel Lele Bu Mun,"Pecel Lele Bu Mun, Jalan Gatot Soebroto, Garuntang, Bandar Lampung, Lampung, Sumatra, 35228, Indonesia",-5.436055,105.282442,img_466_Pecel-Lele-Bu-Mun.jpg
Ariani Pempek,"Ariani Pempek, Jalan Selamet Riyadi II, Garuntang, Bandar Lampung, Lampung, Sumatra, 35245, Indonesia",-5.437144,105.288493,img_467_Ariani-Pempek.jpg
Ayam Geprek Ibu Juleha,"Ayam Geprek Ibu Juleha, Jalan Gatot Soebroto, Garuntang, Bandar Lampung, Lampung, Sumatra, 35228, Indonesia",-5.436316,105.288876,img_468_Ayam-Geprek-Ibu-Juleha.jpg
Ampera Takanajuo,"Ampera Takanajuo, Jalan Gatot Soebroto, Garuntang, Bandar Lampung, Lampung, Sumatra, 35228, Indonesia",-5.442932,105.292016,img_469_Ampera-Takanajuo.jpeg
RM Umega Jaya,"RM Umega Jaya, Jalan Gatot Soebroto, Garuntang, Bandar Lampung, Lampung, Sumatra, 35228, Indonesia",-5.436733,105.288321,img_470_RM-Umega-Jaya.jpg
Vezzo Steak and Wine,"Vezzo Steak and Wine, Jalan Gatot Soebroto, Garuntang, Bandar Lampung, Lampung, Sumatra, 35245, Indonesia",-5.436104,105.287269,img_471_Vezzo-Steak-and-Wine.jpg
The Hevn,"The Hevn, Jalan Gatot Soebroto, Garuntang, Bandar Lampung, Lampung, Sumatra, 35245, Indonesia",-5.436235,105.287993,img_472_The-Hevn.jpg
Warung Nasi Sambal Asin,"Warung Nasi Sambal Asin, Jalan Gatot Soebroto, Garuntang, Bandar Lampung, Lampung, Sumatra, 35245, Indonesia",-5.436148,105.287544,img_473_Warung-Nasi-Sambal-Asin.jpg
RM Ayam Bakar Pak Kumis,"RM Ayam Bakar Pak Kumis, Gang Fayakun, Garuntang, Bandar Lampung, Lampung, Sumatra, 35245, Indonesia",-5.436066,105.286986,img_474_RM-Ayam-Bakar-Pak-Kumis.jpg
Pepes PU Nasi Timbel,"Pepes PU Nasi Timbel, Jalan Gatot Soebroto, Garuntang, Bandar Lampung, Lampung, Sumatra, 35245, Indonesia",-5.435625,105.287401,img_475_Pepes-PU-Nasi-Timbel.jpg
Pindang Mak Aki,"Pindang Mak Aki, Jalan Gatot Soebroto, Garuntang, Bandar Lampung, Lampung, Sumatra, 35228, Indonesia",-5.44283,105.291888,img_476_Pindang-Mak-Aki.png
Nasi Uduk Tama,"Nasi Uduk Tama, Jalan Dokter Harun I, Rawa Laut, Bandar Lampung, Lampung, Sumatra, 35126, Indonesia",-5.415078,105.266261,img_477_Nasi-Uduk-Tama.jpg
Ayam Geprek Babe,"Ayam Geprek Babe, Jalan Dokter Harun I, Rawa Laut, Bandar Lampung, Lampung, Sumatra, 35126, Indonesia",-5.415095,105.264263,img_478_Ayam-Geprek-Babe.jpg
Jajanin Bandar Lampung,"Jajanin Bandar Lampung, Jalan Mayjen Sutioso, Rawa Laut, Bandar Lampung, Lampung, Sumatra, 35127, Indonesia",-5.416085,105.262779,img_479_Jajanin-Bandar-Lampung.jpg
Bubur Kacang Hijau Rahmad,"Bubur Kacang Hijau Rahmad, Gang Haji Mutiah, Rawa Laut, Bandar Lampung, Lampung, Sumatra, 35126, Indonesia",-5.414445,105.266347,img_480_Bubur-Kacang-Hijau-Rahmad.jpg
Bakso Iga Acil 2,"Bakso Iga Acil 2, Jalan Dokter Harun I, Enggal, Bandar Lampung, Lampung, Sumatra, 35127, Indonesia",-5.415232,105.263539,img_481_Bakso-Iga-Acil-2.jpg
Kedai 720,"Kedai 720, Jalan Mayjen Sutioso, Rawa Laut, Bandar Lampung, Lampung, Sumatra, 35127, Indonesia",-5.416286,105.262636,img_482_Kedai-720.jpg
Natha Creakers,"Natha Creakers, Jalan Dokter Harun I, Rawa Laut, Bandar Lampung, Lampung, Sumatra, 35126, Indonesia",-5.415503,105.265716,img_483_Natha-Creakers.jpg
WArung Makan Oma,"WArung Makan Oma, Jalan Mayjen Sutioso, Rawa Laut, Bandar Lampung, Lampung, Sumatra, 35127, Indonesia",-5.416172,105.263048,img_484_WArung-Makan-Oma.jpg
Kantin Miaga,"Kantin Miaga, Jalan Hos Cokroaminoto, Enggal, Bandar Lampung, Lampung, Sumatra, 35127, Indonesia",-5.41553,105.261149,img_485_Kantin-Miaga.jpeg
Rumah Dimsum,"Rumah Dimsum, Jalan Kamboja, Enggal, Bandar Lampung, Lampung, Sumatra, 35121, Indonesia",-5.413834,105.259571,img_486_Rumah-Dimsum.jpg
Bakso Solo Baru,"Bakso Solo Baru, Jalan Hos Cokroaminoto, Enggal, Bandar Lampung, Lampung, Sumatra, 35127, Indonesia",-5.417426,105.262441,img_487_Bakso-Solo-Baru.jpeg
Mekar Harum Jaya,"Mekar Harum Jaya, Jalan Banten, Gunung Mas, Bandar Lampung, Lampung, Sumatra, 35223, Indonesia",-5.452385,105.252345,img_488_Mekar-Harum-Jaya.jpg
Mia Ayam Bakso Solihin,"Mia Ayam Bakso Solihin, Jalan Banten, Gunung Mas, Bandar Lampung, Lampung, Sumatra, 35223, Indonesia",-5.452111,105.251647,img_489_Mia-Ayam-Bakso-Solihin.jpg
Ramen Mekedak,"Ramen Mekedak, Jalan Hos Cokroaminoto, Enggal, Bandar Lampung, Lampung, Sumatra, 35127, Indonesia",-5.417568,105.26249,img_490_Ramen-Mekedak.jpg
{empek Cuko 234,"{empek Cuko 234, Jalan M. Saleh, Rawa Laut, Bandar Lampung, Lampung, Sumatra, 35127, Indonesia",-5.417124,105.264895,img_491_empek-Cuko-234.jpg
Ayam Geprek Hijrah,"Ayam Geprek Hijrah, Gang Damastik, Rawa Laut, Bandar Lampung, Lampung, Sumatra, 35127, Indonesia",-5.41644,105.262238,img_492_Ayam-Geprek-Hijrah.jpg
Nasi Uduk Ona,"Nasi Uduk Ona, Gang Kuweni, Gunung Sari, Bandar Lampung, Lampung, Sumatra, 35121, Indonesia",-5.412691,105.259594,img_493_Nasi-Uduk-Ona.jpg
Mie Ayam Bakso Rel,"Mie Ayam Bakso Rel, Jalan Rawa Subur, Enggal, Bandar Lampung, Lampung, Sumatra, 35127, Indonesia",-5.415922,105.261239,img_494_Mie-Ayam-Bakso-Rel.jpg
Warung Makan Nasi Enggal,"Warung Makan Nasi Enggal, Jalan Kyai Haji Mas Mansyur, Rawa Laut, Bandar Lampung, Lampung, Sumatra, 35127, Indonesia",-5.416809,105.262429,img_495_Warung-Makan-Nasi-Enggal.jpeg
Nasi Uduk Teh Imas,"Nasi Uduk Teh Imas, Jalan Laksamana R.E. Martadhinata, Pesawahan, Bandar Lampung, Lampung, Sumatra, 35223, Indonesia",-5.461972,105.249582,img_496_Nasi-Uduk-Teh-Imas.jpg
Warung Nasi Mama Agung,"Warung Nasi Mama Agung, Jalan Dokter Setiabudi, Gunung Mas, Bandar Lampung, Lampung, Sumatra, 34223, Indonesia",-5.450614,105.255978,img_497_Warung-Nasi-Mama-Agung.jpg
Ayam Geprek Juara,"Ayam Geprek Juara, Jalan Hos Cokroaminoto, Enggal, Bandar Lampung, Lampung, Sumatra, 35127, Indonesia",-5.417193,105.262411,img_498_Ayam-Geprek-Juara.jpg
Geprek Hanung,"Geprek Hanung, Jalan Laksamana R.E. Martadhinata, Pesawahan, Bandar Lampung, Lampung, Sumatra, 35223, Indonesia",-5.461174,105.250808,img_499_Geprek-Hanung.jpg
Warung Atiqa,"Warung Atiqa, Jalan Laksamana R.E. Martadhinata, Pesawahan, Bandar Lampung, Lampung, Sumatra, 35223, Indonesia",-5.460568,105.251201,img_500_Warung-Atiqa.jpg
Juwan Corner,"Juwan Corner, Jalan Mayjen Sutioso, Rawa Laut, Bandar Lampung, Lampung, Sumatra, 35127, Indonesia",-5.416802,105.264684,img_501_Juwan-Corner.png
Rumah Makan Mang Edeng,"Rumah Makan Mang Edeng, Jalan Mayjen Sutioso, Rawa Laut, Bandar Lampung, Lampung, Sumatra, 35127, Indonesia",-5.416887,105.264435,img_502_Rumah-Makan-Mang-Edeng.jpg
Warung Ibu Sukanah,"Warung Ibu Sukanah, Jalan M. Saleh, Rawa Laut, Bandar Lampung, Lampung, Sumatra, 35127, Indonesia",-5.416776,105.265178,img_503_Warung-Ibu-Sukanah.jpg
Bakso Idola Ms Iwan,"Bakso Idola Ms Iwan, Gang Barokah, Pesawahan, Bandar Lampung, Lampung, Sumatra, 35223, Indonesia",-5.460461,105.25151,img_504_Bakso-Idola-Ms-Iwan.jpg
Warung Soto Bu Dewi,"Warung Soto Bu Dewi, Jalan Laksamana R.E. Martadinata, Bandar Lampung, Pesawaran, Lampung, Sumatra, 35223, Indonesia",-5.463927,105.248026,img_505_Warung-Soto-Bu-Dewi.jpg
RM Palapa Raya,"RM Palapa Raya, Jalan Laksamana R.E. Martadhinata, Pesawahan, Bandar Lampung, Lampung, Sumatra, 35223, Indonesia",-5.46257,105.249328,img_506_RM-Palapa-Raya.jpg
Warung Bakso Model,"Warung Bakso Model, Jalan Laksamana R.E. Martadhinata, Pesawahan, Bandar Lampung, Lampung, Sumatra, 35223, Indonesia",-5.462685,105.249332,img_507_Warung-Bakso-Model.png
Ujang Family,"Ujang Family, Jalan Banten, Gunung Mas, Bandar Lampung, Lampung, Sumatra, 35223, Indonesia",-5.452578,105.252263,img_508_Ujang-Family.jpg
Ayam Geprek Mama Salsa,"Ayam Geprek Mama Salsa, Jalan Banten, Gunung Mas, Bandar Lampung, Lampung, Sumatra, 35223, Indonesia",-5.452346,105.252065,img_509_Ayam-Geprek-Mama-Salsa.jpeg
Warung Seblak Rumah Kenan,"Warung Seblak Rumah Kenan, Jalan Dokter Setiabudi, Gunung Mas, Bandar Lampung, Lampung, Sumatra, 34223, Indonesia",-5.451134,105.256085,img_510_Warung-Seblak-Rumah-Kenan.jpg
Bakso Knalpot 2,"Bakso Knalpot 2, Jalan Banten, Gunung Mas, Bandar Lampung, Lampung, Sumatra, 35223, Indonesia",-5.452346,105.249078,img_511_Bakso-Knalpot-2.jpg
Nasi Uduk Teh Ipit,"Nasi Uduk Teh Ipit, Jalan Dokter Setiabudi, Gunung Mas, Bandar Lampung, Lampung, Sumatra, 34223, Indonesia",-5.44809,105.254942,img_512_Nasi-Uduk-Teh-Ipit.jpg
Telur Gulung Nice,"Telur Gulung Nice, Gang Barokah, Pesawahan, Bandar Lampung, Lampung, Sumatra, 35223, Indonesia",-5.460677,105.251645,img_513_Telur-Gulung-Nice.jpg
Warung Tulangan Mak Ara,"Warung Tulangan Mak Ara, Jalan Makmun Isya, Gunung Mas, Bandar Lampung, Lampung, Sumatra, 35223, Indonesia",-5.448925,105.254966,img_514_Warung-Tulangan-Mak-Ara.jpg
Tahu Krispi Pedas,"Tahu Krispi Pedas, Gang Jati, Gunung Mas, Bandar Lampung, Lampung, Sumatra, 35223, Indonesia",-5.452815,105.25389,img_515_Tahu-Krispi-Pedas.jpg
RM Raja Murah,"RM Raja Murah, Jalan Laksamana R.E. Martadhinata, Pesawahan, Bandar Lampung, Lampung, Sumatra, 35223, Indonesia",-5.463035,105.249083,img_516_RM-Raja-Murah.jpg
Gorengan Bang Riki,"Gorengan Bang Riki, Jalan Banten, Gunung Mas, Bandar Lampung, Lampung, Sumatra, 35223, Indonesia",-5.452135,105.249407,img_517_Gorengan-Bang-Riki.jpeg
Warung Ibu Nur,"Warung Ibu Nur, Jalan Dokter Setiabudi, Gunung Mas, Bandar Lampung, Lampung, Sumatra, 34223, Indonesia",-5.449948,105.255574,img_518_Warung-Ibu-Nur.jpg
Warung Pecel nenek Sila,"Warung Pecel nenek Sila, Jalan Dokter Setiabudi, Gunung Mas, Bandar Lampung, Lampung, Sumatra, 34223, Indonesia",-5.447777,105.254464,img_519_Warung-Pecel-nenek-Sila.jpeg
Dapoer mama Ita,"Dapoer mama Ita, Jalan Timor, Gunung Mas, Bandar Lampung, Lampung, Sumatra, 35223, Indonesia",-5.450566,105.255667,img_520_Dapoer-mama-Ita.jpg
Warung Bu Dewi,"Warung Bu Dewi, Jalan Banten, Gunung Mas, Bandar Lampung, Lampung, Sumatra, 35223, Indonesia",-5.452496,105.253749,img_521_Warung-Bu-Dewi.jpg
Kedai Kabita,"Kedai Kabita, Jalan Banten, Gunung Mas, Bandar Lampung, Lampung, Sumatra, 35223, Indonesia",-5.452541,105.252138,img_522_Kedai-Kabita.jpg
Bakso Rahayu Mas Dani,"Bakso Rahayu Mas Dani, Jalan Banten, Gunung Mas, Bandar Lampung, Lampung, Sumatra, 35223, Indonesia",-5.452482,105.254866,img_523_Bakso-Rahayu-Mas-Dani.jpg
Saung Sunda,"Saung Sunda, Jalan Banten, Gunung Mas, Bandar Lampung, Lampung, Sumatra, 35223, Indonesia",-5.452345,105.252151,img_524_Saung-Sunda.jpg
Dapur Mom Hits,"Dapur Mom Hits, Jalan Banten, Gunung Mas, Bandar Lampung, Lampung, Sumatra, 35223, Indonesia",-5.452221,105.249918,img_525_Dapur-Mom-Hits.jpg
Pecel lele Setia,"Pecel lele Setia, Jalan Banten, Gunung Mas, Bandar Lampung, Lampung, Sumatra, 35223, Indonesia",-5.452293,105.255027,img_526_Pecel-lele-Setia.jpg
Bakso Selirit Pak De,"Bakso Selirit Pak De, Gang Melati Bakung 2, Talang, Bandar Lampung, Lampung, Sumatra, 35223, Indonesia",-5.452011,105.249697,img_527_Bakso-Selirit-Pak-De.jpg
Warung Sop Iyah,"Warung Sop Iyah, Gang Haji Masin, Rawa Laut, Bandar Lampung, Lampung, Sumatra, 35127, Indonesia",-5.418137,105.264358,img_528_Warung-Sop-Iyah.jpg
Takana Padang,"Takana Padang, Gang Damastik, Rawa Laut, Bandar Lampung, Lampung, Sumatra, 35127, Indonesia",-5.419279,105.267043,img_529_Takana-Padang.jpg
Warung Makan Aji,"Warung Makan Aji, Jalan Kyai Haji Mas Mansyur, Rawa Laut, Bandar Lampung, Lampung, Sumatra, 35127, Indonesia",-5.418054,105.2648,img_530_Warung-Makan-Aji.jpg
Pempek Cek Mimi,"Pempek Cek Mimi, Jalan Kyai Haji Mas Mansyur, Rawa Laut, Bandar Lampung, Lampung, Sumatra, 35127, Indonesia",-5.418646,105.265523,img_531_Pempek-Cek-Mimi.jpg
Raja Ketupat Enggal,"Raja Ketupat Enggal, Jalan Majapahit, Enggal, Bandar Lampung, Lampung, Sumatra, 35127, Indonesia",-5.420709,105.259591,img_532_Raja-Ketupat-Enggal.jpg
Sate Luwes,"Sate Luwes, Jalan Kyai Haji Mas Mansyur, Rawa Laut, Bandar Lampung, Lampung, Sumatra, 35127, Indonesia",-5.416902,105.262537,img_533_Sate-Luwes.jpg
Warung Makan Orlin,"Warung Makan Orlin, Jalan Kyai Haji Mas Mansyur, Rawa Laut, Bandar Lampung, Lampung, Sumatra, 35127, Indonesia",-5.418233,105.265228,img_534_Warung-Makan-Orlin.jpg
Kantin Sriwijaya,"Kantin Sriwijaya, Jalan Majapahit, Enggal, Bandar Lampung, Lampung, Sumatra, 35127, Indonesia",-5.420686,105.259417,img_535_Kantin-Sriwijaya.jpg
Soto Padang Sidi,"Soto Padang Sidi, Jalan Siswondo Parman, Durian Payung, Bandar Lampung, Lampung, Sumatra, 35119, Indonesia",-5.419377,105.256373,img_536_Soto-Padang-Sidi.jpg
Jajanan Persit,"Jajanan Persit, Jalan Ade Irma Suryani, Durian Payung, Bandar Lampung, Lampung, Sumatra, 35119, Indonesia",-5.420759,105.254146,img_537_Jajanan-Persit.jpg
Seblak Jeding,"Seblak Jeding, Jalan Majapahit, Enggal, Bandar Lampung, Lampung, Sumatra, 35127, Indonesia",-5.420328,105.259334,img_538_Seblak-Jeding.jpg
Mie Ayam Bakso Rio,"Mie Ayam Bakso Rio, Jalan Kyai Haji Mas Mansyur, Rawa Laut, Bandar Lampung, Lampung, Sumatra, 35127, Indonesia",-5.417786,105.2643,img_539_Mie-Ayam-Bakso-Rio.jpg
Mrtabak telur Haikal,"Mrtabak telur Haikal, Jalan Robert Walter Monginsidi, Durian Payung, Bandar Lampung, Lampung, Sumatra, 35119, Indonesia",-5.420982,105.252133,img_540_Mrtabak-telur-Haikal.jpeg
Ketoprak DLC,"Ketoprak DLC, Jalan Karel Satsuit Tubun, Rawa Laut, Bandar Lampung, Lampung, Sumatra, 35127, Indonesia",-5.420384,105.268831,img_541_Ketoprak-DLC.jpg
Warung Makan Ibu Dewi,"Warung Makan Ibu Dewi, Jalan Kyai Haji Mas Mansyur, Rawa Laut, Bandar Lampung, Lampung, Sumatra, 35127, Indonesia",-5.419096,105.266398,img_542_Warung-Makan-Ibu-Dewi.jpeg
Eumah Makan Abah Supri,"Eumah Makan Abah Supri, Jalan Kyai Haji Mas Mansyur, Rawa Laut, Bandar Lampung, Lampung, Sumatra, 35127, Indonesia",-5.418509,105.265898,img_543_Eumah-Makan-Abah-Supri.jpg
Warung Yanto,"Warung Yanto, Jalan Kyai Haji Mas Mansyur, Rawa Laut, Bandar Lampung, Lampung, Sumatra, 35127, Indonesia",-5.419794,105.268361,img_544_Warung-Yanto.jpg
Bakso Son Haji Soni,"Bakso Son Haji Soni, Jalan Cut Nyak Dien, Durian Payung, Bandar Lampung, Lampung, Sumatra, 35119, Indonesia",-5.418709,105.251993,img_545_Bakso-Son-Haji-Soni.jpg
Soto Ayam Kampung,"Soto Ayam Kampung, Jalan Sam Ratulangi, Gedong Air, Bandar Lampung, Lampung, Sumatra, 35123, Indonesia",-5.39929,105.248606,img_546_Soto-Ayam-Kampung.jpeg
Dapur Intan,"Dapur Intan, Jalan Majapahit, Enggal, Bandar Lampung, Lampung, Sumatra, 35127, Indonesia",-5.418735,105.259418,img_547_Dapur-Intan.jpg
Bubur Ayam Brimob,"Bubur Ayam Brimob, Jalan Karel Satsuit Tubun, Rawa Laut, Bandar Lampung, Lampung, Sumatra, 35127, Indonesia",-5.420289,105.267323,img_548_Bubur-Ayam-Brimob.jpeg
Nasi kuning Ibu Dewi,"Nasi kuning Ibu Dewi, Jalan Majapahit, Enggal, Bandar Lampung, Lampung, Sumatra, 35127, Indonesia",-5.420603,105.259671,img_549_Nasi-kuning-Ibu-Dewi.jpg
Cakwe Bang Santo,"Cakwe Bang Santo, Jalan Ahmad Yani, Durian Payung, Bandar Lampung, Lampung, Sumatra, 35119, Indonesia",-5.421362,105.254126,img_550_Cakwe-Bang-Santo.jpg
Geprek Bensu,"Geprek Bensu, Jalan Robert Walter Monginsidi, Durian Payung, Bandar Lampung, Lampung, Sumatra, 35119, Indonesia",-5.420777,105.252118,img_551_Geprek-Bensu.jpg
TNT Shabu Kichen,"TNT Shabu Kichen, Jalan Majapahit, Enggal, Bandar Lampung, Lampung, Sumatra, 35127, Indonesia",-5.420855,105.259313,img_552_TNT-Shabu-Kichen.jpg
Pecel Lele Bu Asih,"Pecel Lele Bu Asih, Jalan Raden Intan, Durian Payung, Bandar Lampung, Lampung, Sumatra, 35119, Indonesia",-5.419937,105.259273,img_553_Pecel-Lele-Bu-Asih.jpg
Bakso Mercon,"Bakso Mercon, Jalan Kartini, Durian Payung, Bandar Lampung, Lampung, Sumatra, 35119, Indonesia",-5.420179,105.252754,img_554_Bakso-Mercon.jpg
Steak Moen Moen,"Steak Moen Moen, Gang Idrus, Durian Payung, Bandar Lampung, Lampung, Sumatra, 35119, Indonesia",-5.417063,105.253669,img_555_Steak-Moen-Moen.jpg
Nasi Goreng Jamur,"Nasi Goreng Jamur, Jalan Cut Nyak Dien, Durian Payung, Bandar Lampung, Lampung, Sumatra, 35119, Indonesia",-5.418589,105.249627,img_556_Nasi-Goreng-Jamur.jpeg
Mie Jogja Pak Karso,"Mie Jogja Pak Karso, Jalan Ahmad Yani, Durian Payung, Bandar Lampung, Lampung, Sumatra, 35119, Indonesia",-5.421537,105.252883,img_557_Mie-Jogja-Pak-Karso.webp
Warung Bakso Andika Rasa,"Warung Bakso Andika Rasa, Jalan Cut Nyak Dien, Durian Payung, Bandar Lampung, Lampung, Sumatra, 35119, Indonesia",-5.418507,105.251928,img_558_Warung-Bakso-Andika-Rasa.png
Bakso Wong Ndeso,"Bakso Wong Ndeso, Jalan Siswondo Parman, Durian Payung, Bandar Lampung, Lampung, Sumatra, 35119, Indonesia",-5.419481,105.253089,img_559_Bakso-Wong-Ndeso.jpg
D'Cost Seafood,"D'Cost Seafood, Jalan Kartini, Durian Payung, Bandar Lampung, Lampung, Sumatra, 35119, Indonesia",-5.416977,105.253932,img_560_D-Cost-Seafood.jpg
Solaria,"Solaria, Gang Idrus, Durian Payung, Bandar Lampung, Lampung, Sumatra, 35119, Indonesia",-5.416758,105.253444,img_561_Solaria.jpg
Warung NAsi Rames,"Warung NAsi Rames, Jalan Cut Nyak Dien, Durian Payung, Bandar Lampung, Lampung, Sumatra, 35119, Indonesia",-5.418698,105.25227,img_562_Warung-NAsi-Rames.jpg
RM Puti Minang Palapa,"RM Puti Minang Palapa, Gang Haji Arja, Durian Payung, Bandar Lampung, Lampung, Sumatra, 35119, Indonesia",-5.418379,105.251658,img_563_RM-Puti-Minang-Palapa.jpeg
Mie Ayam,"Mie Ayam, Jalan Cut Nyak Dien, Durian Payung, Bandar Lampung, Lampung, Sumatra, 35119, Indonesia",-5.418529,105.251121,img_564_Mie-Ayam.jpg
Dapur Garasi,"Dapur Garasi, Jalan KH. Abdul Hamid, Durian Payung, Bandar Lampung, Lampung, Sumatra, 35119, Indonesia",-5.419232,105.250269,img_565_Dapur-Garasi.jpg
Kana Brasserie,"Kana Brasserie, Jalan Pubian, Durian Payung, Bandar Lampung, Lampung, Sumatra, 35119, Indonesia",-5.418556,105.249427,img_566_Kana-Brasserie.jpg
Seblak Ratulangi,"Seblak Ratulangi, Jalan Sam Ratulangi, Gedong Air, Bandar Lampung, Lampung, Sumatra, 35123, Indonesia",-5.399239,105.248806,img_567_Seblak-Ratulangi.jpg
Ananda Kitchen,"Ananda Kitchen, Jalan Palapah Indah, Durian Payung, Bandar Lampung, Lampung, Sumatra, 35119, Indonesia",-5.419548,105.247142,img_568_Ananda-Kitchen.jpg
Ayam Bakar Mbok Jum,"Ayam Bakar Mbok Jum, Jalan Sam Ratulangi, Gedong Air, Bandar Lampung, Lampung, Sumatra, 35123, Indonesia",-5.401045,105.248396,img_569_Ayam-Bakar-Mbok-Jum.jpg
Pempek Tenda Biru Tamin,"Pempek Tenda Biru Tamin, Jalan Tamin, Sawah Lama, Bandar Lampung, Lampung, Sumatra, 35121, Indonesia",-5.406854,105.248788,img_570_Pempek-Tenda-Biru-Tamin.jpg
Martabak 235,"Martabak 235, Jalan Sam Ratulangi, Gedong Air, Bandar Lampung, Lampung, Sumatra, 35123, Indonesia",-5.401089,105.248306,img_571_Martabak-235.jpg
Pecel lele Crispy,"Pecel lele Crispy, Jalan Sam Ratulangi, Gedong Air, Bandar Lampung, Lampung, Sumatra, 35123, Indonesia",-5.400638,105.248604,img_572_Pecel-lele-Crispy.jpg
Geprek Bu Retno,"Geprek Bu Retno, Jalan Sam Ratulangi, Gedong Air, Bandar Lampung, Lampung, Sumatra, 35123, Indonesia",-5.400074,105.248647,img_573_Geprek-Bu-Retno.jpeg
Rumah Baking,"Rumah Baking, Gang Padang Ratu II, Sawah Lama, Bandar Lampung, Lampung, Sumatra, 35112, Indonesia",-5.406352,105.247337,img_574_Rumah-Baking.jpg
Arema Sehat,"Arema Sehat, Jalan Sam Ratulangi, Gedong Air, Bandar Lampung, Lampung, Sumatra, 35123, Indonesia",-5.398833,105.2487,img_575_Arema-Sehat.png
Ayam Petir Mas Aji,"Ayam Petir Mas Aji, Gang Teratai, Gedong Air, Bandar Lampung, Lampung, Sumatra, 35123, Indonesia",-5.399408,105.248867,img_576_Ayam-Petir-Mas-Aji.jpg
Dapur Bude Sri,"Dapur Bude Sri, Gang Mawar III, Gedong Air, Bandar Lampung, Lampung, Sumatra, 35123, Indonesia",-5.39786,105.248384,img_577_Dapur-Bude-Sri.jpg
Martabak Bangka 257,"Martabak Bangka 257, Jalan Sam Ratulangi, Gedong Air, Bandar Lampung, Lampung, Sumatra, 35123, Indonesia",-5.399238,105.248752,img_578_Martabak-Bangka-257.jpg
Restoran Begadang 2,Diponegoro,-5.42298,105.258646,img_579_Restoran-Begadang-2.jpg
Dapur Nie,"Dapur Nie, Jalan Amir Hamzah, Gotong Royong, Bandar Lampung, Lampung, Sumatra, 35214, Indonesia",-5.425132,105.257908,img_580_Dapur-Nie.jpg
Restoran & Hotel Begadang V,"Restoran & Hotel Begadang V, Gang Waru IV, Sukabumi Indah, Bandar Lampung, Lampung, Sumatra, 35133, Indonesia",-5.395827,105.290047,img_581_Restoran-Hotel-Begadang-V.jpg
Nagare Ramen,"Nagare Ramen, Jalan Wijaya Kesuma, Tanjung Raya, Bandar Lampung, Lampung, Sumatra, 35213, Indonesia",-5.421988,105.266745,img_582_Nagare-Ramen.jpg

